{
  "step": 500,
  "run_id": "20260604-141156",
  "ood_dataset": "wikitext-103-v1",
  "ood_ppl": 12794.157958856817,
  "train_ppl": 8764.605698690655,
  "gap_ratio": 1.4597528284436272,
  "n_sequences": 50,
  "n_tokens": 6430,
  "kind": "mid-training"
}