{
  "step": 2500,
  "run_id": "20260604-141156",
  "ood_dataset": "wikitext-103-v1",
  "ood_ppl": 2991.2654061974026,
  "train_ppl": 709.2099619646528,
  "gap_ratio": 4.217743075563972,
  "n_sequences": 50,
  "n_tokens": 6430,
  "kind": "mid-training"
}