{
  "step": 4500,
  "run_id": "20260604-141156",
  "ood_dataset": "wikitext-103-v1",
  "ood_ppl": 2654.943859114349,
  "train_ppl": 483.67187682839614,
  "gap_ratio": 5.489142508189094,
  "n_sequences": 50,
  "n_tokens": 6430,
  "kind": "mid-training"
}