{
  "step": 500,
  "run_id": "20260603-174000",
  "ood_dataset": "wikitext-103-v1",
  "ood_ppl": 11967.277826208703,
  "train_ppl": 2046.2145911352668,
  "gap_ratio": 5.848495987690665,
  "n_sequences": 50,
  "n_tokens": 6430,
  "kind": "mid-training"
}