{
  "step": 1000,
  "run_id": "20260603-200156",
  "ood_dataset": "wikitext-103-v1",
  "ood_ppl": 3257.8502769516244,
  "train_ppl": 571.126587193397,
  "gap_ratio": 5.70425252475322,
  "n_sequences": 50,
  "n_tokens": 6430,
  "kind": "mid-training"
}