{
  "step": 1000,
  "run_id": "20260603-154410",
  "ood_dataset": "wikitext-103-v1",
  "ood_ppl": 11451.774827297588,
  "train_ppl": 1484.5287051802795,
  "gap_ratio": 7.714081100174413,
  "n_sequences": 50,
  "n_tokens": 6430,
  "kind": "mid-training"
}