{
  "step": 500,
  "run_id": "20260603-203155",
  "ood_dataset": "wikitext-103-v1",
  "ood_ppl": 4591.565723297412,
  "train_ppl": 1713.8443656769218,
  "gap_ratio": 2.6791030826675257,
  "n_sequences": 50,
  "n_tokens": 6430,
  "kind": "mid-training"
}