{
  "step": 1500,
  "run_id": "20260606-110211",
  "ood_dataset": "wikitext-103-v1",
  "ood_ppl": 3816.87426816872,
  "train_ppl": 984.4597276814443,
  "gap_ratio": 3.87712585984401,
  "n_sequences": 50,
  "n_tokens": 6430,
  "kind": "mid-training"
}