{
  "step": 2000,
  "run_id": "20260603-203155",
  "ood_dataset": "wikitext-103-v1",
  "ood_ppl": 3308.141266706015,
  "train_ppl": 655.4536253729731,
  "gap_ratio": 5.047101943823382,
  "n_sequences": 50,
  "n_tokens": 6430,
  "kind": "mid-training"
}