{
  "step": 7000,
  "run_id": "20260604-165617",
  "ood_dataset": "wikitext-103-v1",
  "ood_ppl": 2315.4695951219132,
  "train_ppl": 443.3759046621314,
  "gap_ratio": 5.222362268166975,
  "n_sequences": 50,
  "n_tokens": 6430,
  "kind": "mid-training"
}