{
  "step": 2500,
  "run_id": "20260607-190145",
  "ood_dataset": "wikitext-103-v1",
  "ood_ppl": 3085.949313339511,
  "train_ppl": 723.8571102011728,
  "gap_ratio": 4.263202322460949,
  "n_sequences": 50,
  "n_tokens": 6430,
  "kind": "mid-training"
}