{
  "step": 1500,
  "run_id": "20260603-162357",
  "ood_dataset": "wikitext-103-v1",
  "ood_ppl": 4077.4698980225853,
  "train_ppl": 850.8703043782637,
  "gap_ratio": 4.792116820908468,
  "n_sequences": 50,
  "n_tokens": 6430,
  "kind": "mid-training"
}