{
  "step": 4000,
  "run_id": "20260603-203155",
  "ood_dataset": "wikitext-103-v1",
  "ood_ppl": 2755.2168907689297,
  "train_ppl": 444.9436501124713,
  "gap_ratio": 6.192282753271062,
  "n_sequences": 50,
  "n_tokens": 6430,
  "kind": "mid-training"
}