{
  "step": 2000,
  "run_id": "20260604-141156",
  "ood_dataset": "wikitext-103-v1",
  "ood_ppl": 3441.392967490637,
  "train_ppl": 705.2698320520323,
  "gap_ratio": 4.879540866617904,
  "n_sequences": 50,
  "n_tokens": 6430,
  "kind": "mid-training"
}