{
  "step": 2000,
  "run_id": "20260603-213722",
  "ood_dataset": "wikitext-103-v1",
  "ood_ppl": 3398.1313738035115,
  "train_ppl": 789.5719250011787,
  "gap_ratio": 4.303764186902211,
  "n_sequences": 50,
  "n_tokens": 6430,
  "kind": "mid-training"
}