{
  "step": 3000,
  "run_id": "20260603-224419",
  "ood_dataset": "wikitext-103-v1",
  "ood_ppl": 3159.283970852987,
  "train_ppl": 712.7153875419742,
  "gap_ratio": 4.432742755490074,
  "n_sequences": 50,
  "n_tokens": 6430,
  "kind": "mid-training"
}