{
  "step": 500,
  "run_id": "20260604-154524",
  "ood_dataset": "wikitext-103-v1",
  "ood_ppl": 12794.285628890142,
  "train_ppl": 8764.52294914574,
  "gap_ratio": 1.4597811772672893,
  "n_sequences": 50,
  "n_tokens": 6430,
  "kind": "mid-training"
}