{
  "step": 1000,
  "run_id": "20260603-162357",
  "ood_dataset": "wikitext-103-v1",
  "ood_ppl": 8500.980236760033,
  "train_ppl": 1089.9568474384246,
  "gap_ratio": 7.7993732107273015,
  "n_sequences": 50,
  "n_tokens": 6430,
  "kind": "mid-training"
}