{
  "step": 2000,
  "run_id": "20260603-200156",
  "ood_dataset": "wikitext-103-v1",
  "ood_ppl": 2502.4422048164556,
  "train_ppl": 351.7697817560508,
  "gap_ratio": 7.113863482884033,
  "n_sequences": 50,
  "n_tokens": 6430,
  "kind": "mid-training"
}