{
  "step": 2000,
  "run_id": "20260603-224419",
  "ood_dataset": "wikitext-103-v1",
  "ood_ppl": 3652.691046251951,
  "train_ppl": 762.7967371266675,
  "gap_ratio": 4.78855095790138,
  "n_sequences": 50,
  "n_tokens": 6430,
  "kind": "mid-training"
}