{
  "step": 4500,
  "run_id": "20260604-165617",
  "ood_dataset": "wikitext-103-v1",
  "ood_ppl": 2806.6116136221162,
  "train_ppl": 527.9449005976501,
  "gap_ratio": 5.3161070604999585,
  "n_sequences": 50,
  "n_tokens": 6430,
  "kind": "mid-training"
}