{
  "step": 6000,
  "run_id": "20260604-165617",
  "ood_dataset": "wikitext-103-v1",
  "ood_ppl": 2774.0053947488536,
  "train_ppl": 472.4213462809016,
  "gap_ratio": 5.871888339904587,
  "n_sequences": 50,
  "n_tokens": 6430,
  "kind": "mid-training"
}