{
  "step": 3500,
  "run_id": "20260603-224419",
  "ood_dataset": "wikitext-103-v1",
  "ood_ppl": 3023.2418839608804,
  "train_ppl": 558.4249515677018,
  "gap_ratio": 5.413873207981738,
  "n_sequences": 50,
  "n_tokens": 6430,
  "kind": "mid-training"
}