{
  "step": 8000,
  "run_id": "20260604-165617",
  "ood_dataset": "wikitext-103-v1",
  "ood_ppl": 2457.1294966199193,
  "train_ppl": 199.74020566308715,
  "gap_ratio": 12.301626948179354,
  "n_sequences": 50,
  "n_tokens": 6430,
  "kind": "mid-training"
}