{
  "step": 500,
  "run_id": "20260603-162357",
  "ood_dataset": "wikitext-103-v1",
  "ood_ppl": 9165.89650183182,
  "train_ppl": 2096.2761156686156,
  "gap_ratio": 4.372466219178536,
  "n_sequences": 50,
  "n_tokens": 6430,
  "kind": "mid-training"
}