{
  "step": 3500,
  "run_id": "20260603-213722",
  "ood_dataset": "wikitext-103-v1",
  "ood_ppl": 3069.971992392086,
  "train_ppl": 588.8302946804939,
  "gap_ratio": 5.213678746026286,
  "n_sequences": 50,
  "n_tokens": 6430,
  "kind": "mid-training"
}