{
  "step": 5000,
  "run_id": "20260603-203155",
  "ood_dataset": "wikitext-103-v1",
  "ood_ppl": 2808.0369921167103,
  "train_ppl": 414.61657143305695,
  "gap_ratio": 6.772611577996442,
  "n_sequences": 50,
  "n_tokens": 6430,
  "kind": "mid-training"
}