{
  "step": 2500,
  "run_id": "20260603-181329",
  "ood_dataset": "wikitext-103-v1",
  "ood_ppl": 2960.4628222422452,
  "train_ppl": 612.9310464853612,
  "gap_ratio": 4.830009573210534,
  "n_sequences": 50,
  "n_tokens": 6430,
  "kind": "mid-training"
}