{
  "step": 3000,
  "run_id": "20260603-162357",
  "ood_dataset": "wikitext-103-v1",
  "ood_ppl": 2763.9769151691476,
  "train_ppl": 547.8444581733978,
  "gap_ratio": 5.045185497330199,
  "n_sequences": 50,
  "n_tokens": 6430,
  "kind": "mid-training"
}