{
  "step": 4000,
  "run_id": "20260603-213722",
  "ood_dataset": "wikitext-103-v1",
  "ood_ppl": 2898.684303813885,
  "train_ppl": 425.56799685373073,
  "gap_ratio": 6.811330563492004,
  "n_sequences": 50,
  "n_tokens": 6430,
  "kind": "mid-training"
}