{
  "step": 2000,
  "run_id": "20260603-181329",
  "ood_dataset": "wikitext-103-v1",
  "ood_ppl": 3944.420882976822,
  "train_ppl": 654.3351708183649,
  "gap_ratio": 6.028135210955584,
  "n_sequences": 50,
  "n_tokens": 6430,
  "kind": "mid-training"
}