{
  "step": 1500,
  "run_id": "20260603-174000",
  "ood_dataset": "wikitext-103-v1",
  "ood_ppl": 3926.233984820036,
  "train_ppl": 787.1909956432486,
  "gap_ratio": 4.987651035835003,
  "n_sequences": 50,
  "n_tokens": 6430,
  "kind": "mid-training"
}