{
  "step": 2000,
  "run_id": "20260603-174000",
  "ood_dataset": "wikitext-103-v1",
  "ood_ppl": 3595.2900612666353,
  "train_ppl": 614.7395621021876,
  "gap_ratio": 5.848476790678706,
  "n_sequences": 50,
  "n_tokens": 6430,
  "kind": "mid-training"
}