{
  "step": 5000,
  "run_id": "20260604-141156",
  "ood_dataset": "wikitext-103-v1",
  "ood_ppl": 2467.872472373479,
  "train_ppl": 363.72850480746723,
  "gap_ratio": 6.784930077668233,
  "n_sequences": 50,
  "n_tokens": 6430,
  "kind": "mid-training"
}