{
  "step": 1500,
  "run_id": "20260603-181329",
  "ood_dataset": "wikitext-103-v1",
  "ood_ppl": 3809.6763679726737,
  "train_ppl": 802.5887115815214,
  "gap_ratio": 4.746735548355284,
  "n_sequences": 50,
  "n_tokens": 6430,
  "kind": "mid-training"
}