{
  "step": 2000,
  "run_id": "20260607-190145",
  "ood_dataset": "wikitext-103-v1",
  "ood_ppl": 3405.925738034639,
  "train_ppl": 798.6611123686155,
  "gap_ratio": 4.2645443546557225,
  "n_sequences": 50,
  "n_tokens": 6430,
  "kind": "mid-training"
}