{
  "step": 5000,
  "run_id": "20260604-165617",
  "ood_dataset": "wikitext-103-v1",
  "ood_ppl": 2524.301355331608,
  "train_ppl": 364.4395628077871,
  "gap_ratio": 6.926529424751221,
  "n_sequences": 50,
  "n_tokens": 6430,
  "kind": "mid-training"
}