{
  "step": 5500,
  "run_id": "20260604-165617",
  "ood_dataset": "wikitext-103-v1",
  "ood_ppl": 2487.49398572871,
  "train_ppl": 274.20524712190434,
  "gap_ratio": 9.071649838352059,
  "n_sequences": 50,
  "n_tokens": 6430,
  "kind": "mid-training"
}