{
  "step": 2500,
  "run_id": "20260603-162357",
  "ood_dataset": "wikitext-103-v1",
  "ood_ppl": 2877.133638283919,
  "train_ppl": 586.2598982467322,
  "gap_ratio": 4.90760778093175,
  "n_sequences": 50,
  "n_tokens": 6430,
  "kind": "mid-training"
}