{
  "step": 1000,
  "run_id": "20260603-160356",
  "ood_dataset": "wikitext-103-v1",
  "ood_ppl": 5186.437080689037,
  "train_ppl": 992.1470433593042,
  "gap_ratio": 5.227488319804204,
  "n_sequences": 50,
  "n_tokens": 6430,
  "kind": "mid-training"
}