{
  "step": 3000,
  "run_id": "20260603-203155",
  "ood_dataset": "wikitext-103-v1",
  "ood_ppl": 2900.1940682737654,
  "train_ppl": 641.0904790588424,
  "gap_ratio": 4.523845171638513,
  "n_sequences": 50,
  "n_tokens": 6430,
  "kind": "mid-training"
}