{
  "step": 500,
  "run_id": "20260603-224419",
  "ood_dataset": "wikitext-103-v1",
  "ood_ppl": 12791.640250360497,
  "train_ppl": 8763.662901651516,
  "gap_ratio": 1.4596225794981121,
  "n_sequences": 50,
  "n_tokens": 6430,
  "kind": "mid-training"
}