{
  "step": 500,
  "run_id": "20260603-154410",
  "ood_dataset": "wikitext-103-v1",
  "ood_ppl": 6465.228906285125,
  "train_ppl": 2372.7456015477733,
  "gap_ratio": 2.724788069175124,
  "n_sequences": 50,
  "n_tokens": 6430,
  "kind": "mid-training"
}