{
  "step": 500,
  "run_id": "20260606-110211",
  "ood_dataset": "wikitext-103-v1",
  "ood_ppl": 12790.552451716196,
  "train_ppl": 8762.211292831265,
  "gap_ratio": 1.4597402441300047,
  "n_sequences": 50,
  "n_tokens": 6430,
  "kind": "mid-training"
}