{
  "step": 3000,
  "run_id": "20260603-213722",
  "ood_dataset": "wikitext-103-v1",
  "ood_ppl": 3033.0514206693806,
  "train_ppl": 695.0039222345512,
  "gap_ratio": 4.364078134865232,
  "n_sequences": 50,
  "n_tokens": 6430,
  "kind": "mid-training"
}