{
  "step": 6500,
  "run_id": "20260604-165617",
  "ood_dataset": "wikitext-103-v1",
  "ood_ppl": 2550.467925420586,
  "train_ppl": 491.336275767684,
  "gap_ratio": 5.190880566340497,
  "n_sequences": 50,
  "n_tokens": 6430,
  "kind": "mid-training"
}