{
  "step": 1000,
  "run_id": "20260603-174000",
  "ood_dataset": "wikitext-103-v1",
  "ood_ppl": 6097.930180638983,
  "train_ppl": 993.3807363106741,
  "gap_ratio": 6.138562947461758,
  "n_sequences": 50,
  "n_tokens": 6430,
  "kind": "mid-training"
}