{
  "step": 500,
  "run_id": "20260603-213722",
  "ood_dataset": "wikitext-103-v1",
  "ood_ppl": 12718.432740685137,
  "train_ppl": 8741.43755475963,
  "gap_ratio": 1.4549589425094127,
  "n_sequences": 50,
  "n_tokens": 6430,
  "kind": "mid-training"
}