{
  "step": 1500,
  "run_id": "20260604-165617",
  "ood_dataset": "wikitext-103-v1",
  "ood_ppl": 3694.903203409173,
  "train_ppl": 850.1821864917611,
  "gap_ratio": 4.346013433492446,
  "n_sequences": 50,
  "n_tokens": 6430,
  "kind": "mid-training"
}