{
  "step": 500,
  "run_id": "20260604-165617",
  "ood_dataset": "wikitext-103-v1",
  "ood_ppl": 12794.494579360473,
  "train_ppl": 8764.583966411297,
  "gap_ratio": 1.459794854883368,
  "n_sequences": 50,
  "n_tokens": 6430,
  "kind": "mid-training"
}