{
  "step": 4000,
  "run_id": "20260603-162357",
  "ood_dataset": "wikitext-103-v1",
  "ood_ppl": 2393.527967429109,
  "train_ppl": 361.24948206466394,
  "gap_ratio": 6.625692454281958,
  "n_sequences": 50,
  "n_tokens": 6430,
  "kind": "mid-training"
}