{
  "step": 4000,
  "run_id": "20260604-141156",
  "ood_dataset": "wikitext-103-v1",
  "ood_ppl": 2753.8904712576805,
  "train_ppl": 403.7041494238298,
  "gap_ratio": 6.821556021130964,
  "n_sequences": 50,
  "n_tokens": 6430,
  "kind": "mid-training"
}