{
  "step": 2000,
  "run_id": "20260604-165617",
  "ood_dataset": "wikitext-103-v1",
  "ood_ppl": 3522.4240788111856,
  "train_ppl": 723.4762379167342,
  "gap_ratio": 4.868748818833475,
  "n_sequences": 50,
  "n_tokens": 6430,
  "kind": "mid-training"
}