{
  "step": 3000,
  "run_id": "20260604-141156",
  "ood_dataset": "wikitext-103-v1",
  "ood_ppl": 3117.5678089837775,
  "train_ppl": 694.7509746950783,
  "gap_ratio": 4.487316927266,
  "n_sequences": 50,
  "n_tokens": 6430,
  "kind": "mid-training"
}