{
  "step": 1000,
  "run_id": "20260603-224419",
  "ood_dataset": "wikitext-103-v1",
  "ood_ppl": 4134.603698512853,
  "train_ppl": 1222.5298637768594,
  "gap_ratio": 3.382006297776228,
  "n_sequences": 50,
  "n_tokens": 6430,
  "kind": "mid-training"
}