{
  "step": 1500,
  "run_id": "20260603-224419",
  "ood_dataset": "wikitext-103-v1",
  "ood_ppl": 3576.7294453641057,
  "train_ppl": 895.5308216946953,
  "gap_ratio": 3.9939769338095275,
  "n_sequences": 50,
  "n_tokens": 6430,
  "kind": "mid-training"
}