{
  "step": 3500,
  "run_id": "20260603-203155",
  "ood_dataset": "wikitext-103-v1",
  "ood_ppl": 2859.2961021626434,
  "train_ppl": 535.8648576670184,
  "gap_ratio": 5.335852988402879,
  "n_sequences": 50,
  "n_tokens": 6430,
  "kind": "mid-training"
}