{"best_loss": 5.560331643483691, "step": 1000, "lm_ema": 5.560331643483691}