{"best_loss": 6.425095718329351, "step": 1000, "lm_ema": 6.425095718329351}