{"best_loss": 4.903161704882427, "step": 3000, "lm_ema": 4.903161704882427}