{"best_loss": 5.555752461216233, "step": 1000, "lm_ema": 5.555752461216233}