{"best_loss": 5.543296817196586, "step": 1000, "lm_ema": 5.543296817196586}