{"best_loss": 5.559087332194312, "step": 1000, "lm_ema": 5.559087332194312}