{"best_loss": 4.109723385279679, "step": 6000, "lm_ema": 4.109723385279679}