{"best_loss": 5.573170662102871, "step": 1000, "lm_ema": 5.573170662102871}