{"best_loss": 3.9391709257252425, "step": 7000, "lm_ema": 3.9391709257252425}