{"best_loss": 5.228641067134493, "step": 2000, "lm_ema": 5.228641067134493}