{"best_loss": 4.859412791264847, "step": 3000, "lm_ema": 4.859412791264847}