{"best_loss": 4.908449741119826, "step": 2000, "lm_ema": 4.908449741119826}