{"best_loss": 5.537238607331625, "step": 1000, "lm_ema": 5.537238607331625}