{"best_loss": 4.74820589045963, "step": 4000, "lm_ema": 4.74820589045963}