{"best_loss": 5.557566682989908, "step": 1000, "lm_ema": 5.557566682989908}