{"best_loss": 4.8518477613224045, "step": 4000, "lm_ema": 4.8518477613224045}