{"best_loss": 5.5561277586235, "step": 1000, "lm_ema": 5.5561277586235}