{"best_loss": 4.291678831218617, "step": 6000, "lm_ema": 4.291678831218617}