{"best_loss": 4.856381564775029, "step": 3000, "lm_ema": 4.856381564775029}