{"best_loss": 5.228404872637003, "step": 2000, "lm_ema": 5.228404872637003}