{"best_loss": 5.2308739236211705, "step": 2000, "lm_ema": 5.2308739236211705}