{"best_loss": 4.836043851024986, "step": 5000, "lm_ema": 4.836043851024986}