{"best_loss": 4.8715638886399555, "step": 4000, "lm_ema": 4.8715638886399555}