{"best_loss": 5.22927753526453, "step": 2000, "lm_ema": 5.22927753526453}