{"best_loss": 4.195551203140677, "step": 7000, "lm_ema": 4.195551203140677}