{"best_loss": 5.073644468262262, "step": 2000, "lm_ema": 5.073644468262262}