{"best_loss": 5.233584749869872, "step": 2000, "lm_ema": 5.233584749869872}