{"best_loss": 4.83608452881001, "step": 16000, "lm_ema": 4.83608452881001}