{"best_loss": 4.853706113662538, "step": 4000, "lm_ema": 4.853706113662538}