{"best_loss": 4.790678254571711, "step": 3000, "lm_ema": 4.790678254571711}