{"best_loss": 4.761831565177511, "step": 5000, "lm_ema": 4.761831565177511}