════════════════════════════════════════════════════════════════
  DSL-driven training loop
  arch=topology-100m (folder: architectures/topology-100m)
  steps=10000 batch=4 seq_len=256 d_sem=384
  ckpt_dir=/workspace/brian/lfs_checkpoints
════════════════════════════════════════════════════════════════

▶ launch attempt 1 @ 21:26:35Z
[train_dsl] boot @ 2026-08-10T21:26:36Z
[train_dsl] git_commit 90b0aafb26ae89d69f7dfb633fe622420313c8ad (master)
[train_dsl] arch_dsl_sha256 c69767c942c0779846dba269b7906c362ea6132ac4c0d5eb564bcfe9697ae2fa (/workspace/brian/architectures/topology-100m)
[train_dsl] preset rcc_bowtie_30m_p4: d_model=384 depth=4 heads=6 vocab=50257 lr=0.0003 warmup=300 min_ratio=0.1 wd=0.05
[train_dsl] scale 100m (~~135M (param-matched to control-100m)): d_model=640 depth=8 heads=10 batch=4 ctx=256 grad_accum=4 dist=single
[train_dsl] DSL-LM (full N8 cortex): vocab=50257 d_model=640 depth=8 heads=10 ctx=256
[train_dsl] training config: loss_clip=True(f=3.0), opt=adamw, lr=0.0005, grad_accum=8, label_smooth=0.0, wd=0.01, dropout=0.1, pct_strength=0.0
[train_dsl] GQA: n_kv_heads=10/10  RoPE base=500000
[train_dsl] pred_coding aux weight override -> 0.0
[train_dsl] DSL-LM parameters: total 135.2M  (trainable 135.2M · frozen 0.0M); checkpoint will only save the trainable subset (frozen HF experts excluded via _CKPT_EXTERNAL_PREFIXES)
[train_dsl] TrunkOptMonitor attached (n_trainable=135.2M, pac_sigma=0.02, pac_delta=0.05)
[train_dsl] GIF OOD probe armed
[train_dsl] LR schedule from arch.neuro (preset rcc_bowtie_30m_p4 suppressed): lr=0.0005 wd=0.01 warmup=2400 min_ratio=0.1
[train_dsl] mixed precision: bf16
BRIANHarness:
  vocab_size = 50257
  d_sem      = 640
  parameters = 135,242,902  (trainable 135,242,902 · frozen 0)
  checkpoint = 137,955,563 params ≈ 526.3 MB (fp32) — frozen HF experts excluded
  circuit populations = 0
  sink population = 
  loss clipping = True (factor=3.0)
  optimizer = adamw (lr=0.0005)
[train_dsl] device=cuda, warmup=2400/10000
[train_dsl] ══════════════════════════════════════════════
[train_dsl] PR2 OOD interventions: dar=off pcc=off isotropy=off cmd=off adaptive_mixture=off
[train_dsl] ══════════════════════════════════════════════
[data:text] using FineWeb-Edu-10BT (HuggingFaceFW/fineweb-edu:sample-10BT)
[data:chat] using OpenHermes-2.5 (teknium/OpenHermes-2.5)
[train_dsl] run-heatmap armed: every 500 steps → heatmaps/topology-100m/rcc_bowtie_30m_p4.json
step    20 | loss 10.8436 | lm 10.8438 | ppl 51213.1 | gnorm 0.881 | lr 4.17e-06 | 2720 tok/s | Φ 0.999 | λ₁ 0.075 | ign 0.65 | mesoLG 0.50 | troph 8/8 μ0.88 | NT[DA=0.16 NE=0.20 5HT=0.50 ACh=0.25 eCB=0.10 Glu=0.44 GABA=0.21] | osc[δ=0.184 θ=0.501 γ=0.314] | em[C2:ρ=0.45/τ=0.55/s=0.65 C4:Q=0.6 W=45 pl=5 C3:pc=5.125 C5:lat=1.00 C6:pac=0.00] | gif7[dgn=0.985 lr×1.000] | trunk[budget=1.00 bpp=9.20e-11 erank=478.4 uni=2.76 α=0.59 R²=0.93 PR=16.5]
step    40 | loss 10.8374 | lm 10.8375 | ppl 50894.0 | gnorm 0.981 | lr 8.33e-06 | 3535 tok/s | Φ 0.999 | λ₁ 0.075 | ign 0.73 | mesoLG 0.50 | troph 8/8 μ1.20 | NT[DA=0.15 NE=0.73 5HT=0.50 ACh=0.26 eCB=0.10 Glu=0.45 GABA=0.34] | osc[δ=0.393 θ=0.272 γ=0.335] | em[C2:ρ=0.47/τ=0.59/s=0.73 C4:Q=-0.5 W=36 pl=7 C3:pc=2.192 C5:lat=1.00 C6:pac=0.04] | gif7[dgn=0.981 lr×1.000] | trunk[budget=1.00 bpp=0.00e+00 erank=476.4 uni=2.74 α=0.58 R²=0.93 PR=14.2]
step    60 | loss 10.8124 | lm 10.8125 | ppl 49637.4 | gnorm 0.981 | lr 1.25e-05 | 3676 tok/s | Φ 0.999 | λ₁ 0.075 | ign 0.72 | mesoLG 0.50 | troph 8/8 μ1.31 | NT[DA=0.16 NE=0.23 5HT=0.50 ACh=0.26 eCB=0.10 Glu=0.44 GABA=0.21] | osc[δ=0.351 θ=0.352 γ=0.297] | em[C2:ρ=0.42/τ=0.65/s=0.72 C4:Q=-0.7 W=47 pl=5 C3:pc=0.931 C5:lat=1.00 C6:pac=0.01] | gif7[dgn=0.981 lr×1.000] | trunk[budget=1.00 bpp=9.20e-11 erank=478.5 uni=2.65 α=0.58 R²=0.94 PR=17.1]
step    80 | loss 10.7749 | lm 10.7750 | ppl 47810.5 | gnorm 1.705 | lr 1.67e-05 | 3500 tok/s | Φ 0.999 | λ₁ 0.075 | ign 0.72 | mesoLG 0.50 | troph 8/8 μ1.36 | NT[DA=0.17 NE=0.42 5HT=0.51 ACh=0.28 eCB=0.10 Glu=0.45 GABA=0.22] | osc[δ=0.331 θ=0.337 γ=0.332] | em[C2:ρ=0.25/τ=0.67/s=0.72 C4:Q=-1.1 W=63 pl=4 C3:pc=0.470 C5:lat=1.00 C6:pac=0.01] | gif7[dgn=0.947 lr×1.000] | trunk[budget=1.00 bpp=1.48e-09 erank=477.1 uni=2.50 α=0.57 R²=0.92 PR=13.8]
step   100 | loss 10.7249 | lm 10.7250 | ppl 45478.7 | gnorm 1.980 | lr 2.08e-05 | 3697 tok/s | Φ 0.999 | λ₁ 0.075 | ign 0.71 | mesoLG 0.50 | troph 8/8 μ1.38 | NT[DA=0.19 NE=0.34 5HT=0.51 ACh=0.29 eCB=0.10 Glu=0.46 GABA=0.19] | osc[δ=0.409 θ=0.287 γ=0.304] | em[C2:ρ=0.17/τ=0.68/s=0.71 C4:Q=-0.3 W=59 pl=5 C3:pc=0.308 C5:lat=1.00 C6:pac=0.01] | gif7[dgn=0.930 lr×1.000] | trunk[budget=1.00 bpp=1.48e-09 erank=477.1 uni=2.28 α=0.58 R²=0.91 PR=16.1]
step   120 | loss 10.7561 | lm 10.7562 | ppl 46922.4 | gnorm 0.931 | lr 2.50e-05 | 3632 tok/s | Φ 0.999 | λ₁ 0.075 | ign 0.71 | mesoLG 0.50 | troph 8/8 μ1.39 | NT[DA=0.16 NE=0.20 5HT=0.52 ACh=0.32 eCB=0.10 Glu=0.46 GABA=0.14] | osc[δ=0.361 θ=0.321 γ=0.318] | em[C2:ρ=0.02/τ=0.65/s=0.71 C4:Q=-0.9 W=40 pl=6 C3:pc=0.234 C5:lat=1.00 C6:pac=0.01] | gif7[dgn=0.983 lr×1.000] | trunk[budget=1.00 bpp=9.20e-11 erank=477.4 uni=2.60 α=0.58 R²=0.93 PR=16.1]
step   140 | loss 10.7249 | lm 10.7250 | ppl 45478.7 | gnorm 1.083 | lr 2.92e-05 | 3597 tok/s | Φ 0.999 | λ₁ 0.075 | ign 0.71 | mesoLG 0.50 | troph 8/8 μ1.41 | NT[DA=0.17 NE=0.19 5HT=0.52 ACh=0.32 eCB=0.11 Glu=0.47 GABA=0.13] | osc[δ=0.335 θ=0.356 γ=0.309] | em[C2:ρ=0.02/τ=0.61/s=0.71 C4:Q=-0.9 W=39 pl=6 C3:pc=0.212 C5:lat=1.00 C6:pac=0.02] | gif7[dgn=0.977 lr×1.000] | trunk[budget=1.00 bpp=1.02e-09 erank=476.8 uni=2.61 α=0.58 R²=0.93 PR=15.5]
step   160 | loss 10.6811 | lm 10.6813 | ppl 43531.9 | gnorm 1.244 | lr 3.33e-05 | 3525 tok/s | Φ 0.999 | λ₁ 0.075 | ign 0.69 | mesoLG 0.50 | troph 8/8 μ1.44 | NT[DA=0.18 NE=0.23 5HT=0.53 ACh=0.31 eCB=0.12 Glu=0.49 GABA=0.15] | osc[δ=0.430 θ=0.327 γ=0.243] | em[C2:ρ=0.06/τ=0.58/s=0.69 C4:Q=-0.3 W=47 pl=5 C3:pc=0.210 C5:lat=1.00 C6:pac=0.01] | gif7[dgn=0.970 lr×1.000] | trunk[budget=1.00 bpp=5.56e-10 erank=474.3 uni=2.61 α=0.57 R²=0.92 PR=11.6]
step   180 | loss 10.5999 | lm 10.6000 | ppl 40134.8 | gnorm 1.512 | lr 3.75e-05 | 3671 tok/s | Φ 0.999 | λ₁ 0.075 | ign 0.67 | mesoLG 0.51 | troph 8/8 μ1.49 | NT[DA=0.24 NE=0.27 5HT=0.53 ACh=0.30 eCB=0.14 Glu=0.55 GABA=0.17] | osc[δ=0.496 θ=0.267 γ=0.237] | em[C2:ρ=0.19/τ=0.56/s=0.67 C4:Q=3.1 W=54 pl=4 C3:pc=0.221 C5:lat=1.00 C6:pac=0.01] | gif7[dgn=0.957 lr×1.000] | trunk[budget=1.00 bpp=1.48e-09 erank=469.2 uni=2.59 α=0.55 R²=0.90 PR=9.0]
step   200 | loss 10.5030 | lm 10.5031 | ppl 36429.2 | gnorm 1.569 | lr 4.17e-05 | 3553 tok/s | Φ 0.999 | λ₁ 0.075 | ign 0.70 | mesoLG 0.50 | troph 8/8 μ1.58 | NT[DA=0.20 NE=0.46 5HT=0.55 ACh=0.26 eCB=0.17 Glu=0.61 GABA=0.27] | osc[δ=0.576 θ=0.254 γ=0.169] | em[C2:ρ=0.48/τ=0.59/s=0.70 C4:Q=-1.7 W=57 pl=4 C3:pc=0.232 C5:lat=1.00 C6:pac=0.00] | gif7[dgn=0.954 lr×1.000] | trunk[budget=1.00 bpp=1.95e-09 erank=467.1 uni=2.64 α=0.54 R²=0.91 PR=6.5]
step   220 | loss 10.4842 | lm 10.4844 | ppl 35752.5 | gnorm 1.598 | lr 4.58e-05 | 3585 tok/s | Φ 0.999 | λ₁ 0.075 | ign 0.70 | mesoLG 0.50 | troph 8/8 μ1.70 | NT[DA=0.22 NE=0.29 5HT=0.56 ACh=0.23 eCB=0.23 Glu=0.70 GABA=0.26] | osc[δ=0.663 θ=0.189 γ=0.148] | em[C2:ρ=0.59/τ=0.67/s=0.70 C4:Q=0.5 W=58 pl=4 C3:pc=0.248 C5:lat=1.00 C6:pac=0.01] | gif7[dgn=0.953 lr×1.000] | trunk[budget=1.00 bpp=2.41e-09 erank=462.2 uni=2.39 α=0.51 R²=0.88 PR=4.7]
step   240 | loss 10.0624 | lm 10.0625 | ppl 23447.1 | gnorm 5.186 | lr 5.00e-05 | 3571 tok/s | Φ 0.999 | λ₁ 0.075 | ign 0.72 | mesoLG 0.49 | troph 8/8 μ1.87 | NT[DA=0.37 NE=0.90 5HT=0.60 ACh=0.24 eCB=0.32 Glu=0.79 GABA=0.46] | osc[δ=0.634 θ=0.147 γ=0.219] | em[C2:ρ=0.61/τ=0.74/s=0.72 C4:Q=2.8 W=87 pl=2 C3:pc=0.336 C5:lat=1.00 C6:pac=0.01] | gif7[dgn=0.694 lr×1.000] | trunk[budget=1.00 bpp=5.66e-09 erank=451.3 uni=1.98 α=0.43 R²=0.80 PR=3.1]
step   260 | loss 10.3592 | lm 10.3594 | ppl 31551.5 | gnorm 1.616 | lr 5.42e-05 | 3576 tok/s | Φ 0.999 | λ₁ 0.075 | ign 0.71 | mesoLG 0.50 | troph 8/8 μ2.04 | NT[DA=0.26 NE=0.25 5HT=0.60 ACh=0.24 eCB=0.39 Glu=0.84 GABA=0.25] | osc[δ=0.618 θ=0.177 γ=0.204] | em[C2:ρ=0.52/τ=0.83/s=0.71 C4:Q=-3.9 W=89 pl=2 C3:pc=0.335 C5:lat=1.00 C6:pac=0.01] | gif7[dgn=0.952 lr×1.000] | trunk[budget=1.00 bpp=3.34e-09 erank=442.7 uni=2.75 α=0.39 R²=0.72 PR=2.6]
step   280 | loss 10.2499 | lm 10.2500 | ppl 28282.5 | gnorm 1.871 | lr 5.83e-05 | 3553 tok/s | Φ 0.999 | λ₁ 0.075 | ign 0.71 | mesoLG 0.50 | troph 8/8 μ2.25 | NT[DA=0.27 NE=0.26 5HT=0.61 ACh=0.29 eCB=0.44 Glu=0.86 GABA=0.18] | osc[δ=0.625 θ=0.202 γ=0.173] | em[C2:ρ=0.31/τ=0.86/s=0.71 C4:Q=-3.4 W=99 pl=2 C3:pc=0.354 C5:lat=1.00 C6:pac=0.02] | gif7[dgn=0.937 lr×1.000] | trunk[budget=1.00 bpp=4.73e-09 erank=441.5 uni=1.98 α=0.38 R²=0.69 PR=2.4]
step   300 | loss 9.9686 | lm 9.9688 | ppl 21348.8 | gnorm 2.657 | lr 6.25e-05 | 3580 tok/s | Φ 0.999 | λ₁ 0.075 | ign 0.71 | mesoLG 0.50 | troph 8/8 μ2.42 | NT[DA=0.42 NE=0.41 5HT=0.64 ACh=0.30 eCB=0.43 Glu=0.84 GABA=0.20] | osc[δ=0.613 θ=0.177 γ=0.210] | em[C2:ρ=0.22/τ=0.88/s=0.71 C4:Q=-3.3 W=104 pl=2 C3:pc=0.408 C5:lat=1.00 C6:pac=0.03] | gif7[dgn=0.883 lr×1.000] | trunk[budget=1.00 bpp=5.66e-09 erank=436.9 uni=2.00 α=0.39 R²=0.70 PR=2.3]
step   320 | loss 10.0749 | lm 10.0750 | ppl 23742.0 | gnorm 1.920 | lr 6.67e-05 | 3578 tok/s | Φ 0.999 | λ₁ 0.075 | ign 0.71 | mesoLG 0.50 | troph 8/8 μ2.66 | NT[DA=0.31 NE=0.26 5HT=0.65 ACh=0.35 eCB=0.46 Glu=0.86 GABA=0.12] | osc[δ=0.608 θ=0.192 γ=0.200] | em[C2:ρ=0.00/τ=0.85/s=0.71 C4:Q=0.9 W=103 pl=2 C3:pc=0.427 C5:lat=1.00 C6:pac=0.01] | gif7[dgn=0.934 lr×1.000] | trunk[budget=1.00 bpp=5.66e-09 erank=435.2 uni=2.03 α=0.35 R²=0.62 PR=2.2]
step   340 | loss 9.9405 | lm 9.9406 | ppl 20756.7 | gnorm 2.373 | lr 7.08e-05 | 3590 tok/s | Φ 0.993 | λ₁ 0.075 | ign 0.71 | mesoLG 0.50 | troph 8/8 μ2.89 | NT[DA=0.33 NE=0.30 5HT=0.66 ACh=0.35 eCB=0.48 Glu=0.88 GABA=0.12] | osc[δ=0.634 θ=0.194 γ=0.172] | em[C2:ρ=0.00/τ=0.81/s=0.71 C4:Q=1.3 W=114 pl=2 C3:pc=0.451 C5:lat=1.00 C6:pac=0.01] | gif7[dgn=0.903 lr×1.000] | trunk[budget=1.00 bpp=6.12e-09 erank=428.8 uni=2.24 α=0.33 R²=0.54 PR=1.9]
step   360 | loss 9.8249 | lm 9.8250 | ppl 18490.3 | gnorm 2.128 | lr 7.50e-05 | 3568 tok/s | Φ 0.993 | λ₁ 0.075 | ign 0.71 | mesoLG 0.51 | troph 8/8 μ3.14 | NT[DA=0.42 NE=0.26 5HT=0.67 ACh=0.35 eCB=0.48 Glu=0.87 GABA=0.12] | osc[δ=0.703 θ=0.165 γ=0.132] | em[C2:ρ=0.00/τ=0.77/s=0.71 C4:Q=0.7 W=93 pl=3 C3:pc=0.477 C5:lat=1.00 C6:pac=0.01] | gif7[dgn=0.920 lr×1.000] | trunk[budget=1.00 bpp=7.05e-09 erank=437.2 uni=2.63 α=0.43 R²=0.67 PR=2.4]
step   380 | loss 9.6436 | lm 9.6438 | ppl 15425.1 | gnorm 2.467 | lr 7.92e-05 | 3581 tok/s | Φ 0.993 | λ₁ 0.075 | ign 0.71 | mesoLG 0.50 | troph 8/8 μ3.40 | NT[DA=0.38 NE=0.39 5HT=0.69 ACh=0.35 eCB=0.50 Glu=0.88 GABA=0.15] | osc[δ=0.621 θ=0.196 γ=0.183] | em[C2:ρ=0.00/τ=0.73/s=0.71 C4:Q=-0.6 W=105 pl=2 C3:pc=0.530 C5:lat=1.00 C6:pac=0.02] | gif7[dgn=0.897 lr×1.000] | trunk[budget=1.00 bpp=7.97e-09 erank=423.8 uni=2.86 α=0.36 R²=0.56 PR=1.8]
step   400 | loss 9.4561 | lm 9.4563 | ppl 12787.8 | gnorm 2.611 | lr 8.33e-05 | 3575 tok/s | Φ 0.993 | λ₁ 0.075 | ign 0.71 | mesoLG 0.50 | troph 8/8 μ3.65 | NT[DA=0.46 NE=0.40 5HT=0.71 ACh=0.33 eCB=0.50 Glu=0.88 GABA=0.17] | osc[δ=0.613 θ=0.196 γ=0.192] | em[C2:ρ=0.09/τ=0.70/s=0.71 C4:Q=-2.2 W=108 pl=2 C3:pc=0.577 C5:lat=1.00 C6:pac=0.01] | gif7[dgn=0.886 lr×1.000] | trunk[budget=1.00 bpp=1.12e-08 erank=421.0 uni=2.76 α=0.38 R²=0.55 PR=1.8]
step   420 | loss 9.3905 | lm 9.3906 | ppl 11975.6 | gnorm 2.399 | lr 8.75e-05 | 3601 tok/s | Φ 0.987 | λ₁ 0.075 | ign 0.70 | mesoLG 0.49 | troph 8/8 μ4.08 | NT[DA=0.38 NE=0.34 5HT=0.72 ACh=0.31 eCB=0.57 Glu=0.92 GABA=0.18] | osc[δ=0.580 θ=0.215 γ=0.205] | em[C2:ρ=0.17/τ=0.69/s=0.70 C4:Q=1.4 W=125 pl=2 C3:pc=0.650 C5:lat=1.00 C6:pac=0.01] | gif7[dgn=0.902 lr×1.000] | trunk[budget=1.00 bpp=9.83e-09 erank=405.7 uni=2.54 α=0.32 R²=0.43 PR=1.5]
step   440 | loss 9.1374 | lm 9.1375 | ppl 9297.5 | gnorm 2.966 | lr 9.17e-05 | 3556 tok/s | Φ 0.987 | λ₁ 0.075 | ign 0.72 | mesoLG 0.49 | troph 8/8 μ4.43 | NT[DA=0.41 NE=0.71 5HT=0.74 ACh=0.29 eCB=0.54 Glu=0.90 GABA=0.28] | osc[δ=0.572 θ=0.249 γ=0.179] | em[C2:ρ=0.28/τ=0.69/s=0.72 C4:Q=-3.8 W=124 pl=2 C3:pc=0.862 C5:lat=1.00 C6:pac=0.01] | gif7[dgn=0.860 lr×1.000] | trunk[budget=1.00 bpp=1.08e-08 erank=398.7 uni=3.11 α=0.29 R²=0.35 PR=1.4]
step   460 | loss 9.3030 | lm 9.3031 | ppl 10972.3 | gnorm 2.081 | lr 9.58e-05 | 3580 tok/s | Φ 0.982 | λ₁ 0.075 | ign 0.72 | mesoLG 0.50 | troph 8/8 μ5.04 | NT[DA=0.40 NE=0.19 5HT=0.74 ACh=0.26 eCB=0.56 Glu=0.91 GABA=0.19] | osc[δ=0.640 θ=0.201 γ=0.160] | em[C2:ρ=0.30/τ=0.71/s=0.72 C4:Q=-3.9 W=131 pl=1 C3:pc=0.884 C5:lat=1.00 C6:pac=0.01] | gif7[dgn=0.923 lr×1.000] | trunk[budget=1.00 bpp=1.21e-08 erank=387.9 uni=2.41 α=0.29 R²=0.34 PR=1.4]
step   480 | loss 8.8905 | lm 8.8906 | ppl 7263.6 | gnorm 4.718 | lr 1.00e-04 | 3551 tok/s | Φ 0.976 | λ₁ 0.075 | ign 0.72 | mesoLG 0.49 | troph 8/8 μ5.18 | NT[DA=0.55 NE=0.41 5HT=0.75 ACh=0.28 eCB=0.46 Glu=0.85 GABA=0.21] | osc[δ=0.544 θ=0.263 γ=0.193] | em[C2:ρ=0.23/τ=0.73/s=0.72 C4:Q=-2.4 W=126 pl=2 C3:pc=1.262 C5:lat=1.00 C6:pac=0.01] | gif7[dgn=0.727 lr×1.000] | trunk[budget=1.00 bpp=1.86e-08 erank=385.1 uni=2.79 α=0.29 R²=0.34 PR=1.3]
[train_dsl] heatmap step 500: heatmaps/topology-100m/rcc_bowtie_30m_p4.json (max=0.31, hottest=language_model.lm_head)
[train_dsl] heatmap pushed → master
step   500 | loss 8.7061 | lm 8.7063 | ppl 6040.5 | gnorm 4.869 | lr 1.04e-04 | 2521 tok/s | Φ 0.976 | λ₁ 0.075 | ign 0.71 | mesoLG 0.49 | troph 8/8 μ5.46 | NT[DA=0.41 NE=0.68 5HT=0.76 ACh=0.26 eCB=0.45 Glu=0.86 GABA=0.33] | osc[δ=0.467 θ=0.218 γ=0.315] | em[C2:ρ=0.38/τ=0.75/s=0.71 C4:Q=-1.1 W=117 pl=2 C3:pc=182923.047 C5:lat=1.00 C6:pac=0.01] | gif7[dgn=0.716 lr×1.000] | trunk[budget=1.00 bpp=1.26e-08 erank=380.6 uni=2.42 α=0.42 R²=0.54 PR=1.4]
[mid-ood] step 500: eval-v2 snapshot...
[eval-v2] corpus 'pg19' failed (skipping): RuntimeError: Dataset scripts are no longer supported, but found pg19.py
[mid-ood] step 500: wikitext ppl=10534.4 gap_ratio=1.74 (train_ppl=6040.5) traindist ppl=8104.7 gap_v2=1.30 (50 seq, 6430 tok)
step   520 | loss 8.9061 | lm 8.9062 | ppl 7377.9 | gnorm 2.199 | lr 1.08e-04 | 1338 tok/s | Φ 0.970 | λ₁ 0.075 | ign 0.72 | mesoLG 0.50 | troph 8/8 μ5.90 | NT[DA=0.39 NE=0.18 5HT=0.76 ACh=0.26 eCB=0.48 Glu=0.88 GABA=0.20] | osc[δ=0.542 θ=0.189 γ=0.268] | em[C2:ρ=0.36/τ=0.78/s=0.72 C4:Q=-0.2 W=120 pl=2 C3:pc=7573203332961862156288.000 C5:lat=1.00 C6:pac=0.02] | gif7[dgn=0.915 lr×1.000] | trunk[budget=1.00 bpp=1.49e-08 erank=375.9 uni=3.75 α=0.33 R²=0.41 PR=1.3]
step   540 | loss 8.5749 | lm 8.5750 | ppl 5297.6 | gnorm 2.273 | lr 1.13e-04 | 3560 tok/s | Φ 0.964 | λ₁ 0.075 | ign 0.71 | mesoLG 0.50 | troph 8/8 μ6.26 | NT[DA=0.42 NE=0.27 5HT=0.76 ACh=0.23 eCB=0.45 Glu=0.86 GABA=0.27] | osc[δ=0.536 θ=0.216 γ=0.249] | em[C2:ρ=0.50/τ=0.82/s=0.71 C4:Q=-1.2 W=125 pl=2 C3:pc=inf C5:lat=1.00 C6:pac=0.02] | gif7[dgn=0.910 lr×1.000] | trunk[budget=1.00 bpp=1.77e-08 erank=371.2 uni=3.46 α=0.35 R²=0.42 PR=1.3]
step   560 | loss 8.5764 | lm 8.5766 | ppl 5305.8 | gnorm 3.125 | lr 1.17e-04 | 3544 tok/s | Φ 0.958 | λ₁ 0.075 | ign 0.71 | mesoLG 0.50 | troph 8/8 μ6.50 | NT[DA=0.46 NE=0.18 5HT=0.76 ACh=0.26 eCB=0.39 Glu=0.81 GABA=0.19] | osc[δ=0.572 θ=0.190 γ=0.237] | em[C2:ρ=0.34/τ=0.87/s=0.71 C4:Q=5.5 W=114 pl=2 C3:pc=nan C5:lat=1.00 C6:pac=0.01] | gif7[dgn=0.848 lr×1.000] | trunk[budget=1.00 bpp=2.05e-08 erank=371.8 uni=2.39 α=0.38 R²=0.44 PR=1.3]
step   580 | loss 8.6311 | lm 8.6312 | ppl 5604.1 | gnorm 2.159 | lr 1.21e-04 | 3629 tok/s | Φ 0.947 | λ₁ 0.075 | ign 0.68 | mesoLG 0.49 | troph 8/8 μ6.75 | NT[DA=0.28 NE=0.19 5HT=0.75 ACh=0.31 eCB=0.37 Glu=0.81 GABA=0.14] | osc[δ=0.580 θ=0.144 γ=0.276] | em[C2:ρ=0.22/τ=0.88/s=0.68 C4:Q=-1.0 W=115 pl=2 C3:pc=nan C5:lat=1.00 C6:pac=0.01] | gif7[dgn=0.918 lr×1.000] | trunk[budget=1.00 bpp=1.35e-08 erank=373.9 uni=3.82 α=0.39 R²=0.49 PR=1.3]
step   600 | loss 8.2139 | lm 8.2141 | ppl 3692.5 | gnorm 4.885 | lr 1.25e-04 | 3572 tok/s | Φ 0.941 | λ₁ 0.075 | ign 0.68 | mesoLG 0.47 | troph 8/8 μ6.67 | NT[DA=0.44 NE=0.26 5HT=0.76 ACh=0.33 eCB=0.29 Glu=0.73 GABA=0.13] | osc[δ=0.498 θ=0.207 γ=0.295] | em[C2:ρ=0.11/τ=0.87/s=0.68 C4:Q=-0.4 W=122 pl=2 C3:pc=nan C5:lat=1.00 C6:pac=0.01] | gif7[dgn=0.715 lr×1.000] | trunk[budget=1.00 bpp=1.68e-08 erank=376.6 uni=2.13 α=0.30 R²=0.34 PR=1.3]
step   620 | loss 7.9592 | lm 7.9594 | ppl 2862.3 | gnorm 4.760 | lr 1.29e-04 | 3566 tok/s | Φ 0.930 | λ₁ 0.075 | ign 0.74 | mesoLG 0.47 | troph 8/8 μ6.52 | NT[DA=0.42 NE=0.62 5HT=0.77 ACh=0.28 eCB=0.25 Glu=0.71 GABA=0.28] | osc[δ=0.446 θ=0.241 γ=0.313] | em[C2:ρ=0.39/τ=0.88/s=0.74 C4:Q=2.5 W=122 pl=2 C3:pc=nan C5:lat=1.00 C6:pac=0.01] | gif7[dgn=0.724 lr×1.000] | trunk[budget=1.00 bpp=2.00e-08 erank=377.4 uni=2.00 α=0.30 R²=0.33 PR=1.3]
step   640 | loss 8.2280 | lm 8.2281 | ppl 3744.8 | gnorm 2.032 | lr 1.33e-04 | 3545 tok/s | Φ 0.924 | λ₁ 0.075 | ign 0.74 | mesoLG 0.49 | troph 8/8 μ6.90 | NT[DA=0.39 NE=0.13 5HT=0.76 ACh=0.23 eCB=0.30 Glu=0.76 GABA=0.22] | osc[δ=0.485 θ=0.245 γ=0.271] | em[C2:ρ=0.44/τ=0.94/s=0.74 C4:Q=-3.5 W=125 pl=2 C3:pc=nan C5:lat=1.00 C6:pac=0.01] | gif7[dgn=0.926 lr×1.000] | trunk[budget=1.00 bpp=2.28e-08 erank=376.7 uni=3.68 α=0.33 R²=0.38 PR=1.3]
step   660 | loss 7.9905 | lm 7.9906 | ppl 2953.1 | gnorm 2.001 | lr 1.38e-04 | 3584 tok/s | Φ 0.912 | λ₁ 0.075 | ign 0.74 | mesoLG 0.49 | troph 8/8 μ7.26 | NT[DA=0.45 NE=0.12 5HT=0.76 ACh=0.24 eCB=0.30 Glu=0.75 GABA=0.19] | osc[δ=0.472 θ=0.231 γ=0.296] | em[C2:ρ=0.42/τ=0.98/s=0.74 C4:Q=-1.6 W=112 pl=2 C3:pc=nan C5:lat=1.00 C6:pac=0.02] | gif7[dgn=0.928 lr×1.000] | trunk[budget=1.00 bpp=3.16e-08 erank=375.6 uni=2.92 α=0.38 R²=0.43 PR=1.3]
step   680 | loss 7.8874 | lm 7.8875 | ppl 2663.8 | gnorm 1.968 | lr 1.42e-04 | 3582 tok/s | Φ 0.901 | λ₁ 0.075 | ign 0.74 | mesoLG 0.49 | troph 8/8 μ7.50 | NT[DA=0.36 NE=0.14 5HT=0.75 ACh=0.32 eCB=0.29 Glu=0.75 GABA=0.12] | osc[δ=0.496 θ=0.266 γ=0.238] | em[C2:ρ=0.17/τ=1.00/s=0.74 C4:Q=2.3 W=119 pl=2 C3:pc=nan C5:lat=1.00 C6:pac=0.02] | gif7[dgn=0.930 lr×1.000] | trunk[budget=1.00 bpp=2.19e-08 erank=376.2 uni=2.88 α=0.30 R²=0.33 PR=1.2]
step   700 | loss 7.8780 | lm 7.8781 | ppl 2638.9 | gnorm 2.042 | lr 1.46e-04 | 3558 tok/s | Φ 0.883 | λ₁ 0.075 | ign 0.74 | mesoLG 0.51 | troph 8/8 μ7.67 | NT[DA=0.45 NE=0.12 5HT=0.75 ACh=0.42 eCB=0.27 Glu=0.72 GABA=0.06] | osc[δ=0.447 θ=0.270 γ=0.283] | em[C2:ρ=0.00/τ=0.97/s=0.74 C4:Q=-1.1 W=95 pl=3 C3:pc=nan C5:lat=1.00 C6:pac=0.01] | gif7[dgn=0.926 lr×1.000] | trunk[budget=1.00 bpp=2.51e-08 erank=376.0 uni=3.75 α=0.39 R²=0.43 PR=1.3]
step   720 | loss 7.5936 | lm 7.5938 | ppl 1985.7 | gnorm 1.931 | lr 1.50e-04 | 3544 tok/s | Φ 0.866 | λ₁ 0.075 | ign 0.74 | mesoLG 0.50 | troph 8/8 μ7.76 | NT[DA=0.34 NE=0.46 5HT=0.75 ACh=0.40 eCB=0.25 Glu=0.71 GABA=0.11] | osc[δ=0.465 θ=0.246 γ=0.288] | em[C2:ρ=0.08/τ=0.93/s=0.74 C4:Q=-0.2 W=114 pl=2 C3:pc=nan C5:lat=1.00 C6:pac=0.01] | gif7[dgn=0.933 lr×1.000] | trunk[budget=1.00 bpp=2.17e-08 erank=378.3 uni=2.78 α=0.31 R²=0.35 PR=1.3]
step   740 | loss 7.6749 | lm 7.6750 | ppl 2153.8 | gnorm 1.700 | lr 1.54e-04 | 3566 tok/s | Φ 0.866 | λ₁ 0.075 | ign 0.73 | mesoLG 0.52 | troph 8/8 μ7.67 | NT[DA=0.39 NE=0.09 5HT=0.74 ACh=0.36 eCB=0.22 Glu=0.67 GABA=0.08] | osc[δ=0.421 θ=0.261 γ=0.318] | em[C2:ρ=0.09/τ=0.91/s=0.73 C4:Q=-1.7 W=101 pl=5 C3:pc=nan C5:lat=1.00 C6:pac=0.01] | gif7[dgn=0.947 lr×1.000] | trunk[budget=1.00 bpp=2.17e-08 erank=377.9 uni=3.20 α=0.40 R²=0.45 PR=1.4]
step   760 | loss 7.3749 | lm 7.3750 | ppl 1595.6 | gnorm 2.381 | lr 1.58e-04 | 3559 tok/s | Φ 0.855 | λ₁ 0.075 | ign 0.72 | mesoLG 0.47 | troph 8/8 μ7.50 | NT[DA=0.40 NE=0.15 5HT=0.75 ACh=0.35 eCB=0.18 Glu=0.58 GABA=0.10] | osc[δ=0.401 θ=0.282 γ=0.317] | em[C2:ρ=0.11/τ=0.89/s=0.72 C4:Q=-2.2 W=113 pl=2 C3:pc=nan C5:lat=1.00 C6:pac=0.01] | gif7[dgn=0.903 lr×1.000] | trunk[budget=1.00 bpp=2.84e-08 erank=374.7 uni=2.43 α=0.39 R²=0.45 PR=1.4]
step   780 | loss 7.5139 | lm 7.5141 | ppl 1833.6 | gnorm 2.606 | lr 1.63e-04 | 3580 tok/s | Φ 0.797 | λ₁ 0.075 | ign 0.72 | mesoLG 0.47 | troph 8/8 μ7.25 | NT[DA=0.27 NE=0.21 5HT=0.74 ACh=0.34 eCB=0.17 Glu=0.61 GABA=0.12] | osc[δ=0.384 θ=0.305 γ=0.311] | em[C2:ρ=0.14/τ=0.87/s=0.72 C4:Q=3.3 W=87 pl=3 C3:pc=nan C5:lat=1.00 C6:pac=0.00] | gif7[dgn=0.887 lr×1.000] | trunk[budget=1.00 bpp=2.26e-08 erank=380.3 uni=3.18 α=0.34 R²=0.39 PR=1.3]
step   800 | loss 7.3655 | lm 7.3656 | ppl 1580.7 | gnorm 2.347 | lr 1.67e-04 | 3503 tok/s | Φ 0.808 | λ₁ 0.075 | ign 0.72 | mesoLG 0.51 | troph 8/8 μ7.12 | NT[DA=0.44 NE=0.09 5HT=0.73 ACh=0.36 eCB=0.14 Glu=0.54 GABA=0.08] | osc[δ=0.398 θ=0.330 γ=0.272] | em[C2:ρ=0.08/τ=0.85/s=0.72 C4:Q=0.7 W=127 pl=2 C3:pc=nan C5:lat=1.00 C6:pac=0.01] | gif7[dgn=0.905 lr×1.000] | trunk[budget=1.00 bpp=2.19e-08 erank=380.8 uni=2.41 α=0.41 R²=0.44 PR=1.5]
step   820 | loss 7.4655 | lm 7.4656 | ppl 1746.9 | gnorm 0.764 | lr 1.71e-04 | 3593 tok/s | Φ 0.756 | λ₁ 0.075 | ign 0.71 | mesoLG 0.49 | troph 8/8 μ7.16 | NT[DA=0.38 NE=0.04 5HT=0.73 ACh=0.36 eCB=0.15 Glu=0.58 GABA=0.06] | osc[δ=0.408 θ=0.315 γ=0.276] | em[C2:ρ=0.08/τ=0.83/s=0.71 C4:Q=-0.5 W=46 pl=68 C3:pc=nan C5:lat=1.00 C6:pac=0.00] | gif7[dgn=0.989 lr×1.000] | trunk[budget=1.00 bpp=2.56e-08 erank=375.8 uni=2.52 α=0.41 R²=0.48 PR=1.3]
step   840 | loss 7.4436 | lm 7.4437 | ppl 1709.1 | gnorm 1.644 | lr 1.75e-04 | 3534 tok/s | Φ 0.733 | λ₁ 0.075 | ign 0.71 | mesoLG 0.49 | troph 8/8 μ6.82 | NT[DA=0.28 NE=0.05 5HT=0.72 ACh=0.36 eCB=0.11 Glu=0.46 GABA=0.06] | osc[δ=0.491 θ=0.306 γ=0.203] | em[C2:ρ=0.06/τ=0.80/s=0.71 C4:Q=-0.7 W=55 pl=4 C3:pc=nan C5:lat=1.00 C6:pac=0.01] | gif7[dgn=0.950 lr×1.000] | trunk[budget=1.00 bpp=2.30e-08 erank=382.9 uni=2.46 α=0.34 R²=0.41 PR=1.3]
step   860 | loss 7.4749 | lm 7.4750 | ppl 1763.4 | gnorm 0.824 | lr 1.79e-04 | 3590 tok/s | Φ 0.710 | λ₁ 0.075 | ign 0.71 | mesoLG 0.45 | troph 8/8 μ6.71 | NT[DA=0.26 NE=0.05 5HT=0.70 ACh=0.38 eCB=0.11 Glu=0.49 GABA=0.05] | osc[δ=0.477 θ=0.300 γ=0.223] | em[C2:ρ=0.03/τ=0.77/s=0.71 C4:Q=-0.5 W=42 pl=14 C3:pc=nan C5:lat=1.00 C6:pac=0.00] | gif7[dgn=0.987 lr×1.000] | trunk[budget=1.00 bpp=2.72e-08 erank=381.5 uni=3.10 α=0.38 R²=0.44 PR=1.3]
step   880 | loss 7.4545 | lm 7.4547 | ppl 1727.9 | gnorm 0.989 | lr 1.83e-04 | 3525 tok/s | Φ 0.725 | λ₁ 0.075 | ign 0.69 | mesoLG 0.50 | troph 8/8 μ7.13 | NT[DA=0.39 NE=0.05 5HT=0.69 ACh=0.30 eCB=0.15 Glu=0.59 GABA=0.10] | osc[δ=0.486 θ=0.253 γ=0.260] | em[C2:ρ=0.22/τ=0.75/s=0.69 C4:Q=-3.5 W=107 pl=33 C3:pc=nan C5:lat=1.00 C6:pac=0.00] | gif7[dgn=0.981 lr×1.000] | trunk[budget=1.00 bpp=2.28e-08 erank=373.1 uni=3.58 α=0.38 R²=0.44 PR=1.3]
step   900 | loss 7.3280 | lm 7.3281 | ppl 1522.5 | gnorm 0.681 | lr 1.88e-04 | 3558 tok/s | Φ 0.722 | λ₁ 0.075 | ign 0.69 | mesoLG 0.48 | troph 8/8 μ7.25 | NT[DA=0.27 NE=0.06 5HT=0.69 ACh=0.19 eCB=0.12 Glu=0.49 GABA=0.22] | osc[δ=0.496 θ=0.202 γ=0.302] | em[C2:ρ=0.45/τ=0.78/s=0.69 C4:Q=-2.7 W=113 pl=2 C3:pc=nan C5:lat=1.00 C6:pac=0.01] | gif7[dgn=0.991 lr×1.000] | trunk[budget=1.00 bpp=2.63e-08 erank=374.6 uni=3.06 α=0.32 R²=0.40 PR=1.3]
step   920 | loss 7.2436 | lm 7.2438 | ppl 1399.3 | gnorm 0.775 | lr 1.92e-04 | 3535 tok/s | Φ 0.681 | λ₁ 0.075 | ign 0.65 | mesoLG 0.52 | troph 8/8 μ7.17 | NT[DA=0.33 NE=0.09 5HT=0.68 ACh=0.13 eCB=0.11 Glu=0.50 GABA=0.40] | osc[δ=0.524 θ=0.182 γ=0.293] | em[C2:ρ=0.66/τ=0.85/s=0.65 C4:Q=-1.4 W=36 pl=15 C3:pc=nan C5:lat=1.00 C6:pac=0.01] | gif7[dgn=0.988 lr×1.000] | trunk[budget=1.00 bpp=2.95e-08 erank=379.2 uni=3.52 α=0.42 R²=0.44 PR=1.6]
step   940 | loss 7.3217 | lm 7.3219 | ppl 1513.0 | gnorm 0.548 | lr 1.96e-04 | 3614 tok/s | Φ 0.667 | λ₁ 0.075 | ign 0.65 | mesoLG 0.50 | troph 8/8 μ7.16 | NT[DA=0.25 NE=0.08 5HT=0.67 ACh=0.18 eCB=0.10 Glu=0.44 GABA=0.28] | osc[δ=0.484 θ=0.270 γ=0.246] | em[C2:ρ=0.50/τ=0.93/s=0.65 C4:Q=0.4 W=125 pl=2 C3:pc=nan C5:lat=1.00 C6:pac=0.01] | gif7[dgn=0.994 lr×1.000] | trunk[budget=1.00 bpp=2.14e-08 erank=379.4 uni=3.62 α=0.42 R²=0.45 PR=1.7]
step   960 | loss 7.4702 | lm 7.4703 | ppl 1755.2 | gnorm 0.597 | lr 2.00e-04 | 3525 tok/s | Φ 0.681 | λ₁ 0.075 | ign 0.65 | mesoLG 0.49 | troph 8/8 μ7.33 | NT[DA=0.18 NE=0.07 5HT=0.66 ACh=0.27 eCB=0.12 Glu=0.52 GABA=0.13] | osc[δ=0.477 θ=0.262 γ=0.260] | em[C2:ρ=0.27/τ=0.96/s=0.65 C4:Q=-0.4 W=119 pl=2 C3:pc=nan C5:lat=1.00 C6:pac=0.01] | gif7[dgn=0.993 lr×1.000] | trunk[budget=1.00 bpp=2.30e-08 erank=375.6 uni=2.20 α=0.33 R²=0.40 PR=1.3]
step   980 | loss 7.0686 | lm 7.0687 | ppl 1174.7 | gnorm 1.170 | lr 2.04e-04 | 3568 tok/s | Φ 0.644 | λ₁ 0.075 | ign 0.65 | mesoLG 0.49 | troph 8/8 μ7.42 | NT[DA=0.39 NE=0.12 5HT=0.66 ACh=0.39 eCB=0.12 Glu=0.52 GABA=0.07] | osc[δ=0.430 θ=0.239 γ=0.332] | em[C2:ρ=0.00/τ=0.95/s=0.65 C4:Q=2.9 W=63 pl=66 C3:pc=nan C5:lat=1.00 C6:pac=0.01] | gif7[dgn=0.974 lr×1.000] | trunk[budget=1.00 bpp=3.79e-08 erank=379.0 uni=3.44 α=0.42 R²=0.44 PR=1.6]
[train_dsl] heatmap step 1000: heatmaps/topology-100m/rcc_bowtie_30m_p4.json (max=0.28, hottest=language_model.embed)
[train_dsl] heatmap pushed → master
step  1000 | loss 7.3327 | lm 7.3328 | ppl 1529.7 | gnorm 1.576 | lr 2.08e-04 | 2615 tok/s | Φ 0.664 | λ₁ 0.075 | ign 0.65 | mesoLG 0.44 | troph 8/8 μ7.15 | NT[DA=0.14 NE=0.14 5HT=0.65 ACh=0.42 eCB=0.10 Glu=0.45 GABA=0.06] | osc[δ=0.407 θ=0.298 γ=0.295] | em[C2:ρ=0.00/τ=0.91/s=0.65 C4:Q=1.3 W=36 pl=7 C3:pc=nan C5:lat=1.00 C6:pac=0.01] | gif7[dgn=0.954 lr×1.000] | trunk[budget=1.00 bpp=2.14e-08 erank=374.1 uni=3.34 α=0.42 R²=0.47 PR=1.5]
[mid-ood] step 1000: eval-v2 snapshot...
[eval-v2] corpus 'pg19' failed (skipping): RuntimeError: Dataset scripts are no longer supported, but found pg19.py
[mid-ood] step 1000: wikitext ppl=4462.8 gap_ratio=2.92 (train_ppl=1529.7) traindist ppl=2532.0 gap_v2=1.76 (50 seq, 6430 tok)
step  1020 | loss 7.1077 | lm 7.1078 | ppl 1221.5 | gnorm 0.889 | lr 2.12e-04 | 2642 tok/s | Φ 0.652 | λ₁ 0.075 | ign 0.64 | mesoLG 0.49 | troph 8/8 μ7.20 | NT[DA=0.19 NE=0.14 5HT=0.65 ACh=0.33 eCB=0.09 Glu=0.47 GABA=0.11] | osc[δ=0.550 θ=0.236 γ=0.215] | em[C2:ρ=0.20/τ=0.89/s=0.64 C4:Q=0.0 W=111 pl=2 C3:pc=nan C5:lat=1.00 C6:pac=0.01] | gif7[dgn=0.985 lr×1.000] | trunk[budget=1.00 bpp=2.49e-08 erank=371.3 uni=2.61 α=0.43 R²=0.47 PR=1.6]
step  1040 | loss 7.0467 | lm 7.0469 | ppl 1149.3 | gnorm 0.824 | lr 2.17e-04 | 3575 tok/s | Φ 0.638 | λ₁ 0.075 | ign 0.65 | mesoLG 0.48 | troph 8/8 μ8.07 | NT[DA=0.26 NE=0.12 5HT=0.65 ACh=0.23 eCB=0.22 Glu=0.72 GABA=0.21] | osc[δ=0.575 θ=0.277 γ=0.148] | em[C2:ρ=0.41/τ=0.91/s=0.65 C4:Q=1.6 W=130 pl=2 C3:pc=nan C5:lat=1.00 C6:pac=0.01] | gif7[dgn=0.987 lr×1.000] | trunk[budget=1.00 bpp=2.88e-08 erank=373.0 uni=2.53 α=0.41 R²=0.46 PR=1.4]
step  1060 | loss 7.2514 | lm 7.2516 | ppl 1410.3 | gnorm 0.884 | lr 2.21e-04 | 3580 tok/s | Φ 0.537 | λ₁ 0.075 | ign 0.65 | mesoLG 0.52 | troph 8/8 μ8.64 | NT[DA=0.39 NE=0.11 5HT=0.64 ACh=0.22 eCB=0.23 Glu=0.64 GABA=0.22] | osc[δ=0.593 θ=0.205 γ=0.202] | em[C2:ρ=0.42/τ=0.96/s=0.65 C4:Q=0.8 W=117 pl=2 C3:pc=nan C5:lat=1.00 C6:pac=0.01] | gif7[dgn=0.985 lr×1.000] | trunk[budget=1.00 bpp=2.42e-08 erank=367.9 uni=2.72 α=0.34 R²=0.43 PR=1.3]
step  1080 | loss 7.0764 | lm 7.0766 | ppl 1183.9 | gnorm 0.794 | lr 2.25e-04 | 3551 tok/s | Φ 0.739 | λ₁ 0.075 | ign 0.65 | mesoLG 0.48 | troph 8/8 μ8.52 | NT[DA=0.21 NE=0.13 5HT=0.64 ACh=0.26 eCB=0.13 Glu=0.50 GABA=0.16] | osc[δ=0.419 θ=0.258 γ=0.323] | em[C2:ρ=0.25/τ=0.99/s=0.65 C4:Q=-0.6 W=137 pl=1 C3:pc=nan C5:lat=1.00 C6:pac=0.02] | gif7[dgn=0.988 lr×1.000] | trunk[budget=1.00 bpp=2.30e-08 erank=353.1 uni=3.81 α=0.33 R²=0.43 PR=1.3]
step  1100 | loss 7.2108 | lm 7.2109 | ppl 1354.2 | gnorm 1.141 | lr 2.29e-04 | 3598 tok/s | Φ 0.600 | λ₁ 0.075 | ign 0.65 | mesoLG 0.55 | troph 8/8 μ8.45 | NT[DA=0.31 NE=0.16 5HT=0.63 ACh=0.39 eCB=0.12 Glu=0.48 GABA=0.08] | osc[δ=0.383 θ=0.255 γ=0.362] | em[C2:ρ=0.02/τ=0.98/s=0.65 C4:Q=1.7 W=97 pl=6 C3:pc=nan C5:lat=1.00 C6:pac=0.01] | gif7[dgn=0.975 lr×1.000] | trunk[budget=1.00 bpp=2.26e-08 erank=373.4 uni=3.87 α=0.45 R²=0.50 PR=2.0]
step  1120 | loss 6.9936 | lm 6.9938 | ppl 1089.8 | gnorm 1.454 | lr 2.33e-04 | 3578 tok/s | Φ 0.595 | λ₁ 0.075 | ign 0.65 | mesoLG 0.54 | troph 8/8 μ8.46 | NT[DA=0.25 NE=0.15 5HT=0.63 ACh=0.43 eCB=0.17 Glu=0.62 GABA=0.06] | osc[δ=0.357 θ=0.335 γ=0.308] | em[C2:ρ=0.00/τ=0.94/s=0.65 C4:Q=-1.5 W=90 pl=3 C3:pc=nan C5:lat=1.00 C6:pac=0.01] | gif7[dgn=0.960 lr×1.000] | trunk[budget=1.00 bpp=2.84e-08 erank=371.4 uni=3.48 α=0.43 R²=0.46 PR=1.7]
step  1140 | loss 7.1624 | lm 7.1625 | ppl 1290.1 | gnorm 0.934 | lr 2.37e-04 | 3578 tok/s | Φ 0.704 | λ₁ 0.075 | ign 0.64 | mesoLG 0.52 | troph 8/8 μ8.79 | NT[DA=0.12 NE=0.13 5HT=0.61 ACh=0.36 eCB=0.21 Glu=0.69 GABA=0.09] | osc[δ=0.411 θ=0.346 γ=0.243] | em[C2:ρ=0.16/τ=0.91/s=0.64 C4:Q=1.2 W=130 pl=1 C3:pc=nan C5:lat=1.00 C6:pac=0.01] | gif7[dgn=0.983 lr×1.000] | trunk[budget=1.00 bpp=2.33e-08 erank=343.5 uni=2.62 α=0.35 R²=0.46 PR=1.3]
step  1160 | loss 7.4592 | lm 7.4594 | ppl 1736.1 | gnorm 0.823 | lr 2.42e-04 | 3593 tok/s | Φ 0.664 | λ₁ 0.075 | ign 0.62 | mesoLG 0.52 | troph 8/8 μ9.10 | NT[DA=0.15 NE=0.19 5HT=0.59 ACh=0.27 eCB=0.18 Glu=0.61 GABA=0.18] | osc[δ=0.388 θ=0.317 γ=0.296] | em[C2:ρ=0.33/τ=0.92/s=0.62 C4:Q=0.3 W=118 pl=2 C3:pc=nan C5:lat=1.00 C6:pac=0.02] | gif7[dgn=0.987 lr×1.000] | trunk[budget=1.00 bpp=2.44e-08 erank=354.0 uni=3.32 α=0.45 R²=0.53 PR=1.7]
step  1180 | loss 7.2233 | lm 7.2234 | ppl 1371.2 | gnorm 0.912 | lr 2.46e-04 | 3595 tok/s | Φ 0.681 | λ₁ 0.075 | ign 0.62 | mesoLG 0.52 | troph 8/8 μ9.07 | NT[DA=0.16 NE=0.13 5HT=0.58 ACh=0.24 eCB=0.16 Glu=0.58 GABA=0.20] | osc[δ=0.311 θ=0.355 γ=0.334] | em[C2:ρ=0.33/τ=0.95/s=0.62 C4:Q=2.2 W=127 pl=1 C3:pc=nan C5:lat=1.00 C6:pac=0.02] | gif7[dgn=0.984 lr×1.000] | trunk[budget=1.00 bpp=2.28e-08 erank=354.6 uni=2.81 α=0.44 R²=0.49 PR=1.8]
step  1200 | loss 6.8046 | lm 6.8047 | ppl 902.1 | gnorm 2.460 | lr 2.50e-04 | 3553 tok/s | Φ 0.638 | λ₁ 0.075 | ign 0.62 | mesoLG 0.49 | troph 8/8 μ8.16 | NT[DA=0.29 NE=0.23 5HT=0.60 ACh=0.28 eCB=0.09 Glu=0.40 GABA=0.17] | osc[δ=0.435 θ=0.266 γ=0.299] | em[C2:ρ=0.20/τ=0.96/s=0.62 C4:Q=-1.1 W=110 pl=2 C3:pc=nan C5:lat=1.00 C6:pac=0.02] | gif7[dgn=0.897 lr×1.000] | trunk[budget=1.00 bpp=2.42e-08 erank=360.6 uni=3.36 α=0.45 R²=0.49 PR=2.0]
step  1220 | loss 7.0092 | lm 7.0094 | ppl 1107.0 | gnorm 0.539 | lr 2.54e-04 | 3553 tok/s | Φ 0.707 | λ₁ 0.075 | ign 0.64 | mesoLG 0.49 | troph 8/8 μ8.41 | NT[DA=0.27 NE=0.09 5HT=0.60 ACh=0.29 eCB=0.11 Glu=0.46 GABA=0.13] | osc[δ=0.409 θ=0.311 γ=0.280] | em[C2:ρ=0.22/τ=0.97/s=0.64 C4:Q=2.0 W=127 pl=1 C3:pc=nan C5:lat=1.00 C6:pac=0.01] | gif7[dgn=0.994 lr×1.000] | trunk[budget=1.00 bpp=3.05e-08 erank=333.4 uni=2.77 α=0.37 R²=0.49 PR=1.3]
step  1240 | loss 7.2171 | lm 7.2172 | ppl 1362.7 | gnorm 0.661 | lr 2.58e-04 | 3546 tok/s | Φ 0.658 | λ₁ 0.075 | ign 0.64 | mesoLG 0.53 | troph 8/8 μ8.55 | NT[DA=0.14 NE=0.11 5HT=0.59 ACh=0.34 eCB=0.10 Glu=0.46 GABA=0.09] | osc[δ=0.413 θ=0.262 γ=0.325] | em[C2:ρ=0.16/τ=0.96/s=0.64 C4:Q=1.3 W=51 pl=9 C3:pc=nan C5:lat=1.00 C6:pac=0.01] | gif7[dgn=0.991 lr×1.000] | trunk[budget=1.00 bpp=2.42e-08 erank=353.6 uni=3.98 α=0.48 R²=0.56 PR=1.8]
step  1260 | loss 7.4374 | lm 7.4375 | ppl 1698.5 | gnorm 1.010 | lr 2.63e-04 | 3664 tok/s | Φ 0.687 | λ₁ 0.075 | ign 0.64 | mesoLG 0.49 | troph 8/8 μ8.42 | NT[DA=0.14 NE=0.17 5HT=0.56 ACh=0.33 eCB=0.08 Glu=0.36 GABA=0.11] | osc[δ=0.419 θ=0.317 γ=0.264] | em[C2:ρ=0.19/τ=0.95/s=0.64 C4:Q=0.6 W=111 pl=2 C3:pc=nan C5:lat=1.00 C6:pac=0.01] | gif7[dgn=0.980 lr×1.000] | trunk[budget=1.00 bpp=2.77e-08 erank=350.8 uni=3.28 α=0.48 R²=0.58 PR=1.8]
step  1280 | loss 7.2452 | lm 7.2453 | ppl 1401.5 | gnorm 0.916 | lr 2.67e-04 | 3600 tok/s | Φ 0.739 | λ₁ 0.075 | ign 0.64 | mesoLG 0.48 | troph 8/8 μ8.39 | NT[DA=0.17 NE=0.12 5HT=0.55 ACh=0.41 eCB=0.06 Glu=0.32 GABA=0.06] | osc[δ=0.415 θ=0.314 γ=0.271] | em[C2:ρ=0.03/τ=0.94/s=0.64 C4:Q=1.1 W=84 pl=4 C3:pc=nan C5:lat=1.00 C6:pac=0.01] | gif7[dgn=0.984 lr×1.000] | trunk[budget=1.00 bpp=2.98e-08 erank=336.2 uni=3.36 α=0.46 R²=0.60 PR=1.6]
step  1300 | loss 7.2686 | lm 7.2687 | ppl 1434.8 | gnorm 1.217 | lr 2.71e-04 | 3582 tok/s | Φ 0.681 | λ₁ 0.075 | ign 0.64 | mesoLG 0.50 | troph 8/8 μ7.85 | NT[DA=0.15 NE=0.24 5HT=0.55 ACh=0.29 eCB=0.05 Glu=0.26 GABA=0.16] | osc[δ=0.467 θ=0.260 γ=0.274] | em[C2:ρ=0.28/τ=0.93/s=0.64 C4:Q=-1.0 W=78 pl=3 C3:pc=nan C5:lat=1.00 C6:pac=0.01] | gif7[dgn=0.972 lr×1.000] | trunk[budget=1.00 bpp=2.65e-08 erank=346.8 uni=3.15 α=0.43 R²=0.54 PR=1.5]
step  1320 | loss 6.8639 | lm 6.8641 | ppl 957.2 | gnorm 0.634 | lr 2.75e-04 | 3574 tok/s | Φ 0.626 | λ₁ 0.075 | ign 0.65 | mesoLG 0.53 | troph 8/8 μ8.00 | NT[DA=0.17 NE=0.17 5HT=0.56 ACh=0.15 eCB=0.07 Glu=0.41 GABA=0.43] | osc[δ=0.465 θ=0.218 γ=0.318] | em[C2:ρ=0.55/τ=0.97/s=0.65 C4:Q=0.7 W=68 pl=8 C3:pc=nan C5:lat=1.00 C6:pac=0.00] | gif7[dgn=0.992 lr×1.000] | trunk[budget=1.00 bpp=2.68e-08 erank=359.8 uni=3.86 α=0.51 R²=0.58 PR=2.4]
step  1340 | loss 7.4061 | lm 7.4062 | ppl 1646.2 | gnorm 1.246 | lr 2.79e-04 | 3598 tok/s | Φ 0.667 | λ₁ 0.075 | ign 0.65 | mesoLG 0.51 | troph 8/8 μ7.97 | NT[DA=0.14 NE=0.23 5HT=0.54 ACh=0.15 eCB=0.06 Glu=0.29 GABA=0.42] | osc[δ=0.488 θ=0.205 γ=0.307] | em[C2:ρ=0.53/τ=1.00/s=0.65 C4:Q=0.6 W=67 pl=4 C3:pc=nan C5:lat=1.00 C6:pac=0.01] | gif7[dgn=0.970 lr×1.000] | trunk[budget=1.00 bpp=2.23e-08 erank=358.0 uni=3.90 α=0.50 R²=0.56 PR=2.4]
step  1360 | loss 7.2014 | lm 7.2016 | ppl 1341.5 | gnorm 1.956 | lr 2.83e-04 | 3546 tok/s | Φ 0.626 | λ₁ 0.075 | ign 0.65 | mesoLG 0.48 | troph 8/8 μ7.76 | NT[DA=0.18 NE=0.19 5HT=0.54 ACh=0.22 eCB=0.04 Glu=0.21 GABA=0.25] | osc[δ=0.517 θ=0.215 γ=0.268] | em[C2:ρ=0.34/τ=1.00/s=0.65 C4:Q=-1.8 W=47 pl=12 C3:pc=nan C5:lat=1.00 C6:pac=0.01] | gif7[dgn=0.931 lr×1.000] | trunk[budget=1.00 bpp=2.44e-08 erank=362.7 uni=2.91 α=0.52 R²=0.58 PR=2.6]
step  1380 | loss 7.1780 | lm 7.1781 | ppl 1310.4 | gnorm 0.692 | lr 2.87e-04 | 3601 tok/s | Φ 0.673 | λ₁ 0.075 | ign 0.65 | mesoLG 0.47 | troph 8/8 μ7.72 | NT[DA=0.12 NE=0.12 5HT=0.54 ACh=0.36 eCB=0.05 Glu=0.27 GABA=0.09] | osc[δ=0.493 θ=0.223 γ=0.284] | em[C2:ρ=0.09/τ=1.00/s=0.65 C4:Q=-1.0 W=88 pl=2 C3:pc=nan C5:lat=1.00 C6:pac=0.01] | gif7[dgn=0.991 lr×1.000] | trunk[budget=1.00 bpp=2.56e-08 erank=348.0 uni=3.18 α=0.44 R²=0.55 PR=1.6]
step  1400 | loss 7.4217 | lm 7.4219 | ppl 1672.2 | gnorm 0.771 | lr 2.92e-04 | 3562 tok/s | Φ 0.710 | λ₁ 0.075 | ign 0.65 | mesoLG 0.48 | troph 8/8 μ8.14 | NT[DA=0.09 NE=0.16 5HT=0.52 ACh=0.43 eCB=0.06 Glu=0.35 GABA=0.06] | osc[δ=0.444 θ=0.249 γ=0.307] | em[C2:ρ=0.05/τ=0.97/s=0.65 C4:Q=0.4 W=81 pl=3 C3:pc=nan C5:lat=1.00 C6:pac=0.00] | gif7[dgn=0.988 lr×1.000] | trunk[budget=1.00 bpp=2.19e-08 erank=334.2 uni=3.29 α=0.45 R²=0.60 PR=1.6]
step  1420 | loss 7.7608 | lm 7.7609 | ppl 2347.1 | gnorm 1.064 | lr 2.96e-04 | 3652 tok/s | Φ 0.736 | λ₁ 0.075 | ign 0.65 | mesoLG 0.48 | troph 8/8 μ8.12 | NT[DA=0.07 NE=0.21 5HT=0.48 ACh=0.42 eCB=0.05 Glu=0.29 GABA=0.07] | osc[δ=0.461 θ=0.216 γ=0.323] | em[C2:ρ=0.06/τ=0.94/s=0.65 C4:Q=2.8 W=74 pl=3 C3:pc=nan C5:lat=1.00 C6:pac=0.00] | gif7[dgn=0.978 lr×1.000] | trunk[budget=1.00 bpp=2.54e-08 erank=339.7 uni=2.42 α=0.47 R²=0.62 PR=1.7]
step  1440 | loss 6.7858 | lm 6.7859 | ppl 885.3 | gnorm 1.227 | lr 3.00e-04 | 3647 tok/s | Φ 0.722 | λ₁ 0.075 | ign 0.66 | mesoLG 0.51 | troph 8/8 μ8.13 | NT[DA=0.24 NE=0.26 5HT=0.52 ACh=0.35 eCB=0.05 Glu=0.27 GABA=0.12] | osc[δ=0.509 θ=0.233 γ=0.259] | em[C2:ρ=0.20/τ=0.92/s=0.66 C4:Q=-2.8 W=93 pl=2 C3:pc=nan C5:lat=1.00 C6:pac=0.01] | gif7[dgn=0.971 lr×1.000] | trunk[budget=1.00 bpp=2.33e-08 erank=333.9 uni=4.10 α=0.46 R²=0.62 PR=1.6]
step  1460 | loss 7.1686 | lm 7.1688 | ppl 1298.2 | gnorm 1.304 | lr 3.04e-04 | 3587 tok/s | Φ 0.690 | λ₁ 0.075 | ign 0.68 | mesoLG 0.51 | troph 8/8 μ7.46 | NT[DA=0.13 NE=0.32 5HT=0.52 ACh=0.19 eCB=0.04 Glu=0.24 GABA=0.37] | osc[δ=0.525 θ=0.266 γ=0.209] | em[C2:ρ=0.52/τ=0.95/s=0.68 C4:Q=-2.3 W=83 pl=3 C3:pc=nan C5:lat=1.00 C6:pac=0.01] | gif7[dgn=0.968 lr×1.000] | trunk[budget=1.00 bpp=2.77e-08 erank=335.0 uni=4.05 α=0.46 R²=0.61 PR=1.6]
step  1480 | loss 6.9436 | lm 6.9437 | ppl 1036.7 | gnorm 0.733 | lr 3.08e-04 | 3685 tok/s | Φ 0.690 | λ₁ 0.075 | ign 0.68 | mesoLG 0.48 | troph 8/8 μ7.75 | NT[DA=0.12 NE=0.12 5HT=0.53 ACh=0.15 eCB=0.05 Glu=0.32 GABA=0.37] | osc[δ=0.449 θ=0.277 γ=0.274] | em[C2:ρ=0.56/τ=1.00/s=0.68 C4:Q=1.8 W=96 pl=2 C3:pc=nan C5:lat=1.00 C6:pac=0.01] | gif7[dgn=0.989 lr×1.000] | trunk[budget=1.00 bpp=2.54e-08 erank=339.5 uni=3.67 α=0.43 R²=0.60 PR=1.5]
[train_dsl] heatmap step 1500: heatmaps/topology-100m/rcc_bowtie_30m_p4.json (max=0.15, hottest=language_model.lm_head)
[train_dsl] heatmap pushed → master
step  1500 | loss 6.9725 | lm 6.9727 | ppl 1067.1 | gnorm 0.691 | lr 3.13e-04 | 2616 tok/s | Φ 0.586 | λ₁ 0.075 | ign 0.68 | mesoLG 0.54 | troph 8/8 μ7.85 | NT[DA=0.24 NE=0.11 5HT=0.54 ACh=0.20 eCB=0.05 Glu=0.26 GABA=0.26] | osc[δ=0.448 θ=0.305 γ=0.247] | em[C2:ρ=0.44/τ=1.00/s=0.68 C4:Q=-1.1 W=54 pl=4 C3:pc=nan C5:lat=1.00 C6:pac=0.01] | gif7[dgn=0.991 lr×1.000] | trunk[budget=1.00 bpp=3.02e-08 erank=365.0 uni=3.46 α=0.56 R²=0.64 PR=2.5]
[mid-ood] step 1500: eval-v2 snapshot...
[eval-v2] corpus 'pg19' failed (skipping): RuntimeError: Dataset scripts are no longer supported, but found pg19.py
[mid-ood] step 1500: wikitext ppl=4839.8 gap_ratio=4.54 (train_ppl=1067.1) traindist ppl=2340.7 gap_v2=2.07 (50 seq, 6430 tok)
step  1520 | loss 7.1233 | lm 7.1234 | ppl 1240.7 | gnorm 1.407 | lr 3.17e-04 | 2637 tok/s | Φ 0.664 | λ₁ 0.075 | ign 0.68 | mesoLG 0.51 | troph 8/8 μ7.60 | NT[DA=0.22 NE=0.14 5HT=0.54 ACh=0.34 eCB=0.04 Glu=0.20 GABA=0.10] | osc[δ=0.470 θ=0.271 γ=0.259] | em[C2:ρ=0.12/τ=1.00/s=0.68 C4:Q=1.8 W=80 pl=3 C3:pc=nan C5:lat=1.00 C6:pac=0.01] | gif7[dgn=0.963 lr×1.000] | trunk[budget=1.00 bpp=3.42e-08 erank=361.6 uni=3.34 α=0.48 R²=0.60 PR=2.0]
step  1540 | loss 6.7733 | lm 6.7734 | ppl 874.3 | gnorm 1.029 | lr 3.21e-04 | 3712 tok/s | Φ 0.644 | λ₁ 0.075 | ign 0.66 | mesoLG 0.49 | troph 8/8 μ7.42 | NT[DA=0.28 NE=0.18 5HT=0.56 ACh=0.41 eCB=0.03 Glu=0.20 GABA=0.07] | osc[δ=0.565 θ=0.231 γ=0.204] | em[C2:ρ=0.09/τ=0.97/s=0.66 C4:Q=0.8 W=64 pl=4 C3:pc=nan C5:lat=1.00 C6:pac=0.01] | gif7[dgn=0.979 lr×1.000] | trunk[budget=1.00 bpp=3.02e-08 erank=373.0 uni=3.33 α=0.53 R²=0.65 PR=2.5]
step  1560 | loss 7.1046 | lm 7.1047 | ppl 1217.7 | gnorm 0.776 | lr 3.25e-04 | 3798 tok/s | Φ 0.618 | λ₁ 0.075 | ign 0.66 | mesoLG 0.46 | troph 8/8 μ7.23 | NT[DA=0.17 NE=0.12 5HT=0.55 ACh=0.39 eCB=0.03 Glu=0.20 GABA=0.07] | osc[δ=0.485 θ=0.307 γ=0.208] | em[C2:ρ=0.11/τ=0.96/s=0.66 C4:Q=1.1 W=104 pl=2 C3:pc=nan C5:lat=1.00 C6:pac=0.01] | gif7[dgn=0.988 lr×1.000] | trunk[budget=1.00 bpp=2.84e-08 erank=367.3 uni=2.61 α=0.50 R²=0.60 PR=2.3]
step  1580 | loss 7.1827 | lm 7.1828 | ppl 1316.6 | gnorm 0.859 | lr 3.29e-04 | 3679 tok/s | Φ 0.632 | λ₁ 0.075 | ign 0.65 | mesoLG 0.50 | troph 8/8 μ7.47 | NT[DA=0.18 NE=0.12 5HT=0.54 ACh=0.36 eCB=0.03 Glu=0.20 GABA=0.08] | osc[δ=0.329 θ=0.367 γ=0.304] | em[C2:ρ=0.17/τ=0.94/s=0.65 C4:Q=-0.9 W=42 pl=6 C3:pc=nan C5:lat=1.00 C6:pac=0.01] | gif7[dgn=0.986 lr×1.000] | trunk[budget=1.00 bpp=3.07e-08 erank=377.3 uni=3.23 α=0.54 R²=0.65 PR=2.8]
step  1600 | loss 6.7608 | lm 6.7609 | ppl 863.5 | gnorm 1.583 | lr 3.33e-04 | 3532 tok/s | Φ 0.566 | λ₁ 0.075 | ign 0.64 | mesoLG 0.52 | troph 8/8 μ7.15 | NT[DA=0.28 NE=0.25 5HT=0.56 ACh=0.28 eCB=0.03 Glu=0.16 GABA=0.18] | osc[δ=0.504 θ=0.254 γ=0.241] | em[C2:ρ=0.30/τ=0.95/s=0.64 C4:Q=-1.7 W=49 pl=6 C3:pc=nan C5:lat=1.00 C6:pac=0.01] | gif7[dgn=0.953 lr×1.000] | trunk[budget=1.00 bpp=2.61e-08 erank=372.3 uni=3.48 α=0.54 R²=0.64 PR=2.5]
step  1620 | loss 6.9702 | lm 6.9703 | ppl 1064.6 | gnorm 0.872 | lr 3.38e-04 | 3612 tok/s | Φ 0.673 | λ₁ 0.075 | ign 0.66 | mesoLG 0.48 | troph 8/8 μ6.81 | NT[DA=0.09 NE=0.13 5HT=0.55 ACh=0.21 eCB=0.03 Glu=0.22 GABA=0.25] | osc[δ=0.493 θ=0.274 γ=0.233] | em[C2:ρ=0.44/τ=0.99/s=0.66 C4:Q=1.0 W=104 pl=2 C3:pc=nan C5:lat=1.00 C6:pac=0.00] | gif7[dgn=0.985 lr×1.000] | trunk[budget=1.00 bpp=2.26e-08 erank=341.8 uni=3.68 α=0.47 R²=0.65 PR=1.6]
step  1640 | loss 7.2749 | lm 7.2750 | ppl 1443.8 | gnorm 0.808 | lr 3.42e-04 | 3517 tok/s | Φ 0.710 | λ₁ 0.075 | ign 0.66 | mesoLG 0.50 | troph 8/8 μ7.04 | NT[DA=0.13 NE=0.09 5HT=0.53 ACh=0.21 eCB=0.04 Glu=0.27 GABA=0.21] | osc[δ=0.497 θ=0.302 γ=0.201] | em[C2:ρ=0.41/τ=1.00/s=0.66 C4:Q=1.5 W=96 pl=2 C3:pc=nan C5:lat=1.00 C6:pac=0.01] | gif7[dgn=0.987 lr×1.000] | trunk[budget=1.00 bpp=2.58e-08 erank=347.5 uni=3.53 α=0.47 R²=0.66 PR=1.7]
step  1660 | loss 6.8233 | lm 6.8234 | ppl 919.1 | gnorm 0.894 | lr 3.46e-04 | 3551 tok/s | Φ 0.664 | λ₁ 0.075 | ign 0.66 | mesoLG 0.46 | troph 8/8 μ7.24 | NT[DA=0.11 NE=0.14 5HT=0.54 ACh=0.32 eCB=0.05 Glu=0.26 GABA=0.12] | osc[δ=0.444 θ=0.343 γ=0.213] | em[C2:ρ=0.19/τ=1.00/s=0.66 C4:Q=-0.2 W=99 pl=3 C3:pc=nan C5:lat=1.00 C6:pac=0.01] | gif7[dgn=0.984 lr×1.000] | trunk[budget=1.00 bpp=2.14e-08 erank=365.4 uni=4.18 α=0.53 R²=0.70 PR=2.1]
step  1680 | loss 7.0217 | lm 7.0219 | ppl 1120.9 | gnorm 1.654 | lr 3.50e-04 | 3581 tok/s | Φ 0.629 | λ₁ 0.075 | ign 0.66 | mesoLG 0.50 | troph 8/8 μ7.30 | NT[DA=0.24 NE=0.25 5HT=0.54 ACh=0.44 eCB=0.05 Glu=0.26 GABA=0.07] | osc[δ=0.426 θ=0.337 γ=0.237] | em[C2:ρ=0.05/τ=0.98/s=0.66 C4:Q=-1.1 W=73 pl=4 C3:pc=nan C5:lat=1.00 C6:pac=0.01] | gif7[dgn=0.949 lr×1.000] | trunk[budget=1.00 bpp=2.93e-08 erank=381.8 uni=4.16 α=0.57 R²=0.68 PR=3.1]
step  1700 | loss 6.7647 | lm 6.7648 | ppl 866.8 | gnorm 2.250 | lr 3.54e-04 | 3602 tok/s | Φ 0.673 | λ₁ 0.075 | ign 0.66 | mesoLG 0.48 | troph 8/8 μ7.57 | NT[DA=0.40 NE=0.73 5HT=0.55 ACh=0.32 eCB=0.05 Glu=0.30 GABA=0.23] | osc[δ=0.460 θ=0.217 γ=0.323] | em[C2:ρ=0.28/τ=0.97/s=0.66 C4:Q=-1.2 W=101 pl=2 C3:pc=nan C5:lat=1.00 C6:pac=0.01] | gif7[dgn=0.912 lr×1.000] | trunk[budget=1.00 bpp=3.07e-08 erank=382.0 uni=4.16 α=0.58 R²=0.71 PR=3.6]
step  1720 | loss 6.6749 | lm 6.6750 | ppl 792.3 | gnorm 2.217 | lr 3.58e-04 | 3541 tok/s | Φ 0.549 | λ₁ 0.075 | ign 0.75 | mesoLG 0.54 | troph 8/8 μ7.18 | NT[DA=0.48 NE=0.87 5HT=0.57 ACh=0.17 eCB=0.04 Glu=0.23 GABA=0.62] | osc[δ=0.544 θ=0.148 γ=0.308] | em[C2:ρ=0.59/τ=1.00/s=0.75 C4:Q=-1.0 W=32 pl=7 C3:pc=nan C5:lat=1.00 C6:pac=0.01] | gif7[dgn=0.914 lr×1.000] | trunk[budget=1.00 bpp=3.95e-08 erank=389.7 uni=4.28 α=0.50 R²=0.68 PR=1.9]
step  1740 | loss 6.8374 | lm 6.8375 | ppl 932.2 | gnorm 1.223 | lr 3.62e-04 | 3569 tok/s | Φ 0.589 | λ₁ 0.075 | ign 0.78 | mesoLG 0.53 | troph 8/8 μ7.25 | NT[DA=0.13 NE=0.22 5HT=0.56 ACh=0.13 eCB=0.05 Glu=0.30 GABA=0.52] | osc[δ=0.494 θ=0.185 γ=0.321] | em[C2:ρ=0.72/τ=1.00/s=0.78 C4:Q=-0.5 W=71 pl=4 C3:pc=nan C5:lat=1.00 C6:pac=0.01] | gif7[dgn=0.971 lr×1.000] | trunk[budget=1.00 bpp=2.56e-08 erank=386.6 uni=4.77 α=0.57 R²=0.70 PR=3.1]
step  1760 | loss 7.1139 | lm 7.1141 | ppl 1229.1 | gnorm 0.665 | lr 3.67e-04 | 3548 tok/s | Φ 0.632 | λ₁ 0.075 | ign 0.78 | mesoLG 0.48 | troph 8/8 μ7.34 | NT[DA=0.13 NE=0.17 5HT=0.54 ACh=0.19 eCB=0.04 Glu=0.23 GABA=0.30] | osc[δ=0.397 θ=0.291 γ=0.311] | em[C2:ρ=0.55/τ=1.00/s=0.78 C4:Q=2.6 W=100 pl=2 C3:pc=nan C5:lat=1.00 C6:pac=0.01] | gif7[dgn=0.991 lr×1.000] | trunk[budget=1.00 bpp=2.72e-08 erank=390.2 uni=3.64 α=0.56 R²=0.67 PR=3.3]
step  1780 | loss 6.5686 | lm 6.5687 | ppl 712.5 | gnorm 0.949 | lr 3.71e-04 | 3554 tok/s | Φ 0.670 | λ₁ 0.075 | ign 0.78 | mesoLG 0.53 | troph 8/8 μ6.92 | NT[DA=0.29 NE=0.16 5HT=0.56 ACh=0.31 eCB=0.04 Glu=0.24 GABA=0.13] | osc[δ=0.495 θ=0.195 γ=0.310] | em[C2:ρ=0.23/τ=1.00/s=0.78 C4:Q=0.0 W=72 pl=4 C3:pc=nan C5:lat=1.00 C6:pac=0.00] | gif7[dgn=0.982 lr×1.000] | trunk[budget=1.00 bpp=3.46e-08 erank=388.6 uni=2.96 α=0.55 R²=0.69 PR=3.0]
step  1800 | loss 6.4577 | lm 6.4578 | ppl 637.7 | gnorm 0.910 | lr 3.75e-04 | 3525 tok/s | Φ 0.676 | λ₁ 0.075 | ign 0.78 | mesoLG 0.53 | troph 8/8 μ7.02 | NT[DA=0.11 NE=0.10 5HT=0.57 ACh=0.46 eCB=0.04 Glu=0.24 GABA=0.04] | osc[δ=0.479 θ=0.289 γ=0.231] | em[C2:ρ=0.00/τ=0.98/s=0.78 C4:Q=5.2 W=100 pl=2 C3:pc=nan C5:lat=1.00 C6:pac=0.01] | gif7[dgn=0.984 lr×1.000] | trunk[budget=1.00 bpp=2.61e-08 erank=384.5 uni=3.67 α=0.54 R²=0.69 PR=2.9]
step  1820 | loss 6.9483 | lm 6.9484 | ppl 1041.5 | gnorm 1.017 | lr 3.79e-04 | 3577 tok/s | Φ 0.713 | λ₁ 0.075 | ign 0.78 | mesoLG 0.48 | troph 8/8 μ6.76 | NT[DA=0.09 NE=0.14 5HT=0.56 ACh=0.45 eCB=0.04 Glu=0.20 GABA=0.05] | osc[δ=0.447 θ=0.321 γ=0.231] | em[C2:ρ=0.02/τ=0.94/s=0.78 C4:Q=-0.4 W=122 pl=2 C3:pc=nan C5:lat=1.00 C6:pac=0.01] | gif7[dgn=0.980 lr×1.000] | trunk[budget=1.00 bpp=2.70e-08 erank=381.2 uni=3.74 α=0.51 R²=0.68 PR=2.8]
step  1840 | loss 6.9592 | lm 6.9594 | ppl 1053.0 | gnorm 1.080 | lr 3.83e-04 | 3572 tok/s | Φ 0.702 | λ₁ 0.075 | ign 0.75 | mesoLG 0.49 | troph 8/8 μ6.67 | NT[DA=0.17 NE=0.12 5HT=0.55 ACh=0.35 eCB=0.04 Glu=0.25 GABA=0.09] | osc[δ=0.445 θ=0.310 γ=0.244] | em[C2:ρ=0.22/τ=0.92/s=0.75 C4:Q=0.3 W=108 pl=2 C3:pc=nan C5:lat=1.00 C6:pac=0.01] | gif7[dgn=0.977 lr×1.000] | trunk[budget=1.00 bpp=3.14e-08 erank=383.3 uni=3.74 α=0.52 R²=0.69 PR=2.8]
step  1860 | loss 6.8139 | lm 6.8141 | ppl 910.6 | gnorm 0.996 | lr 3.88e-04 | 3595 tok/s | Φ 0.687 | λ₁ 0.075 | ign 0.73 | mesoLG 0.51 | troph 8/8 μ6.98 | NT[DA=0.11 NE=0.15 5HT=0.54 ACh=0.25 eCB=0.05 Glu=0.29 GABA=0.18] | osc[δ=0.457 θ=0.271 γ=0.272] | em[C2:ρ=0.41/τ=0.95/s=0.73 C4:Q=-5.6 W=113 pl=2 C3:pc=nan C5:lat=1.00 C6:pac=0.01] | gif7[dgn=0.981 lr×1.000] | trunk[budget=1.00 bpp=3.00e-08 erank=384.8 uni=4.22 α=0.55 R²=0.70 PR=3.3]
step  1880 | loss 6.3647 | lm 6.3648 | ppl 581.1 | gnorm 0.917 | lr 3.92e-04 | 3549 tok/s | Φ 0.699 | λ₁ 0.075 | ign 0.74 | mesoLG 0.47 | troph 8/8 μ7.11 | NT[DA=0.14 NE=0.69 5HT=0.56 ACh=0.21 eCB=0.06 Glu=0.31 GABA=0.42] | osc[δ=0.473 θ=0.271 γ=0.256] | em[C2:ρ=0.55/τ=1.00/s=0.74 C4:Q=1.6 W=122 pl=2 C3:pc=nan C5:lat=1.00 C6:pac=0.01] | gif7[dgn=0.984 lr×1.000] | trunk[budget=1.00 bpp=2.98e-08 erank=372.8 uni=3.73 α=0.50 R²=0.68 PR=2.3]
step  1900 | loss 7.0452 | lm 7.0453 | ppl 1147.5 | gnorm 1.315 | lr 3.96e-04 | 3568 tok/s | Φ 0.635 | λ₁ 0.075 | ign 0.73 | mesoLG 0.51 | troph 8/8 μ7.22 | NT[DA=0.17 NE=0.21 5HT=0.54 ACh=0.23 eCB=0.06 Glu=0.33 GABA=0.24] | osc[δ=0.435 θ=0.321 γ=0.244] | em[C2:ρ=0.41/τ=1.00/s=0.73 C4:Q=-0.3 W=95 pl=3 C3:pc=nan C5:lat=1.00 C6:pac=0.01] | gif7[dgn=0.967 lr×1.000] | trunk[budget=1.00 bpp=2.68e-08 erank=385.5 uni=5.22 α=0.61 R²=0.75 PR=3.9]
step  1920 | loss 6.6311 | lm 6.6312 | ppl 758.4 | gnorm 2.846 | lr 4.00e-04 | 3569 tok/s | Φ 0.652 | λ₁ 0.075 | ign 0.74 | mesoLG 0.50 | troph 8/8 μ7.48 | NT[DA=0.11 NE=0.81 5HT=0.55 ACh=0.25 eCB=0.06 Glu=0.31 GABA=0.41] | osc[δ=0.407 θ=0.377 γ=0.216] | em[C2:ρ=0.47/τ=1.00/s=0.74 C4:Q=1.4 W=113 pl=2 C3:pc=nan C5:lat=1.00 C6:pac=0.02] | gif7[dgn=0.869 lr×1.000] | trunk[budget=1.00 bpp=2.47e-08 erank=393.1 uni=5.18 α=0.54 R²=0.68 PR=3.3]
step  1940 | loss 7.0311 | lm 7.0312 | ppl 1131.4 | gnorm 0.962 | lr 4.04e-04 | 3549 tok/s | Φ 0.673 | λ₁ 0.075 | ign 0.80 | mesoLG 0.51 | troph 8/8 μ7.16 | NT[DA=0.12 NE=0.25 5HT=0.53 ACh=0.17 eCB=0.05 Glu=0.26 GABA=0.42] | osc[δ=0.430 θ=0.369 γ=0.200] | em[C2:ρ=0.69/τ=1.00/s=0.80 C4:Q=-5.2 W=109 pl=2 C3:pc=nan C5:lat=1.00 C6:pac=0.02] | gif7[dgn=0.982 lr×1.000] | trunk[budget=1.00 bpp=2.72e-08 erank=391.9 uni=3.78 α=0.55 R²=0.73 PR=2.9]
step  1960 | loss 7.1921 | lm 7.1922 | ppl 1329.0 | gnorm 1.120 | lr 4.08e-04 | 3555 tok/s | Φ 0.664 | λ₁ 0.075 | ign 0.80 | mesoLG 0.48 | troph 8/8 μ6.74 | NT[DA=0.09 NE=0.13 5HT=0.51 ACh=0.21 eCB=0.04 Glu=0.24 GABA=0.25] | osc[δ=0.481 θ=0.335 γ=0.184] | em[C2:ρ=0.56/τ=1.00/s=0.80 C4:Q=-0.2 W=111 pl=2 C3:pc=nan C5:lat=1.00 C6:pac=0.03] | gif7[dgn=0.976 lr×1.000] | trunk[budget=1.00 bpp=2.68e-08 erank=380.7 uni=3.62 α=0.55 R²=0.74 PR=2.6]
step  1980 | loss 6.4835 | lm 6.4836 | ppl 654.3 | gnorm 0.816 | lr 4.12e-04 | 3569 tok/s | Φ 0.612 | λ₁ 0.075 | ign 0.80 | mesoLG 0.54 | troph 8/8 μ6.95 | NT[DA=0.25 NE=0.12 5HT=0.53 ACh=0.27 eCB=0.06 Glu=0.34 GABA=0.16] | osc[δ=0.534 θ=0.230 γ=0.236] | em[C2:ρ=0.38/τ=1.00/s=0.80 C4:Q=2.0 W=109 pl=2 C3:pc=nan C5:lat=1.00 C6:pac=0.04] | gif7[dgn=0.987 lr×1.000] | trunk[budget=1.00 bpp=3.12e-08 erank=395.8 uni=3.68 α=0.58 R²=0.71 PR=3.7]
[train_dsl] heatmap step 2000: heatmaps/topology-100m/rcc_bowtie_30m_p4.json (max=0.19, hottest=language_model.lm_head)
[train_dsl] heatmap pushed → master
step  2000 | loss 6.8202 | lm 6.8203 | ppl 916.3 | gnorm 0.981 | lr 4.17e-04 | 2648 tok/s | Φ 0.647 | λ₁ 0.075 | ign 0.80 | mesoLG 0.51 | troph 8/8 μ7.38 | NT[DA=0.21 NE=0.12 5HT=0.53 ACh=0.40 eCB=0.07 Glu=0.39 GABA=0.07] | osc[δ=0.499 θ=0.236 γ=0.266] | em[C2:ρ=0.12/τ=1.00/s=0.80 C4:Q=2.0 W=98 pl=2 C3:pc=nan C5:lat=1.00 C6:pac=0.03] | gif7[dgn=0.981 lr×1.000] | trunk[budget=1.00 bpp=3.44e-08 erank=399.6 uni=4.09 α=0.52 R²=0.69 PR=3.4]
[train_dsl] saved checkpoint /workspace/brian/lfs_checkpoints/20260810-212635_bd1e8dd9_run/step2000.pt
[mid-ood] step 2000: eval-v2 snapshot...
[eval-v2] corpus 'pg19' failed (skipping): RuntimeError: Dataset scripts are no longer supported, but found pg19.py
[mid-ood] step 2000: wikitext ppl=4694.4 gap_ratio=5.12 (train_ppl=916.3) traindist ppl=2051.1 gap_v2=2.29 (50 seq, 6430 tok)
step  2020 | loss 7.1608 | lm 7.1609 | ppl 1288.1 | gnorm 0.857 | lr 4.21e-04 | 2127 tok/s | Φ 0.690 | λ₁ 0.075 | ign 0.80 | mesoLG 0.50 | troph 8/8 μ7.66 | NT[DA=0.12 NE=0.11 5HT=0.50 ACh=0.46 eCB=0.06 Glu=0.32 GABA=0.05] | osc[δ=0.491 θ=0.254 γ=0.255] | em[C2:ρ=0.06/τ=0.97/s=0.80 C4:Q=3.0 W=124 pl=2 C3:pc=nan C5:lat=1.00 C6:pac=0.02] | gif7[dgn=0.986 lr×1.000] | trunk[budget=1.00 bpp=2.79e-08 erank=386.5 uni=3.47 α=0.50 R²=0.71 PR=2.6]
step  2040 | loss 7.1077 | lm 7.1078 | ppl 1221.5 | gnorm 1.045 | lr 4.25e-04 | 3631 tok/s | Φ 0.713 | λ₁ 0.075 | ign 0.80 | mesoLG 0.49 | troph 8/8 μ7.60 | NT[DA=0.11 NE=0.16 5HT=0.49 ACh=0.41 eCB=0.06 Glu=0.33 GABA=0.07] | osc[δ=0.456 θ=0.271 γ=0.274] | em[C2:ρ=0.14/τ=0.95/s=0.80 C4:Q=-2.0 W=121 pl=2 C3:pc=nan C5:lat=1.00 C6:pac=0.01] | gif7[dgn=0.979 lr×1.000] | trunk[budget=1.00 bpp=2.88e-08 erank=384.3 uni=4.14 α=0.53 R²=0.72 PR=3.2]
step  2060 | loss 7.1202 | lm 7.1203 | ppl 1236.8 | gnorm 0.866 | lr 4.29e-04 | 3627 tok/s | Φ 0.641 | λ₁ 0.075 | ign 0.79 | mesoLG 0.49 | troph 8/8 μ7.67 | NT[DA=0.11 NE=0.11 5HT=0.48 ACh=0.35 eCB=0.09 Glu=0.45 GABA=0.09] | osc[δ=0.506 θ=0.235 γ=0.259] | em[C2:ρ=0.20/τ=0.95/s=0.79 C4:Q=-4.9 W=131 pl=1 C3:pc=nan C5:lat=1.00 C6:pac=0.01] | gif7[dgn=0.985 lr×1.000] | trunk[budget=1.00 bpp=2.77e-08 erank=364.3 uni=3.75 α=0.53 R²=0.72 PR=2.3]
step  2080 | loss 7.0889 | lm 7.0891 | ppl 1198.8 | gnorm 0.571 | lr 4.33e-04 | 3968 tok/s | Φ 0.652 | λ₁ 0.075 | ign 0.78 | mesoLG 0.49 | troph 8/8 μ7.90 | NT[DA=0.13 NE=0.11 5HT=0.47 ACh=0.34 eCB=0.10 Glu=0.46 GABA=0.09] | osc[δ=0.664 θ=0.162 γ=0.174] | em[C2:ρ=0.23/τ=0.96/s=0.78 C4:Q=-0.7 W=113 pl=2 C3:pc=nan C5:lat=1.00 C6:pac=0.01] | gif7[dgn=0.994 lr×1.000] | trunk[budget=1.00 bpp=2.70e-08 erank=380.9 uni=2.85 α=0.56 R²=0.73 PR=3.4]
step  2100 | loss 6.7983 | lm 6.7984 | ppl 896.4 | gnorm 0.721 | lr 4.38e-04 | 4151 tok/s | Φ 0.655 | λ₁ 0.075 | ign 0.78 | mesoLG 0.53 | troph 8/8 μ8.17 | NT[DA=0.21 NE=0.11 5HT=0.49 ACh=0.35 eCB=0.14 Glu=0.59 GABA=0.09] | osc[δ=0.646 θ=0.186 γ=0.168] | em[C2:ρ=0.20/τ=0.96/s=0.78 C4:Q=0.5 W=118 pl=2 C3:pc=nan C5:lat=1.00 C6:pac=0.02] | gif7[dgn=0.990 lr×1.000] | trunk[budget=1.00 bpp=4.09e-08 erank=376.8 uni=3.37 α=0.55 R²=0.73 PR=3.0]
step  2120 | loss 6.5624 | lm 6.5625 | ppl 708.0 | gnorm 0.937 | lr 4.42e-04 | 4058 tok/s | Φ 0.551 | λ₁ 0.075 | ign 0.75 | mesoLG 0.55 | troph 8/8 μ8.41 | NT[DA=0.21 NE=0.13 5HT=0.51 ACh=0.40 eCB=0.16 Glu=0.55 GABA=0.07] | osc[δ=0.508 θ=0.197 γ=0.295] | em[C2:ρ=0.12/τ=0.95/s=0.75 C4:Q=2.7 W=100 pl=4 C3:pc=nan C5:lat=1.00 C6:pac=0.02] | gif7[dgn=0.983 lr×1.000] | trunk[budget=1.00 bpp=2.84e-08 erank=375.3 uni=4.29 α=0.62 R²=0.76 PR=4.0]
step  2140 | loss 6.6483 | lm 6.6484 | ppl 771.6 | gnorm 0.806 | lr 4.46e-04 | 4161 tok/s | Φ 0.696 | λ₁ 0.075 | ign 0.67 | mesoLG 0.50 | troph 8/8 μ8.30 | NT[DA=0.15 NE=0.11 5HT=0.53 ACh=0.28 eCB=0.11 Glu=0.42 GABA=0.14] | osc[δ=0.492 θ=0.207 γ=0.301] | em[C2:ρ=0.34/τ=0.96/s=0.67 C4:Q=-1.6 W=130 pl=1 C3:pc=nan C5:lat=1.00 C6:pac=0.01] | gif7[dgn=0.987 lr×1.000] | trunk[budget=1.00 bpp=2.95e-08 erank=373.8 uni=4.39 α=0.55 R²=0.73 PR=3.2]
step  2160 | loss 6.5796 | lm 6.5797 | ppl 720.3 | gnorm 0.805 | lr 4.50e-04 | 3621 tok/s | Φ 0.618 | λ₁ 0.075 | ign 0.65 | mesoLG 0.49 | troph 8/8 μ8.50 | NT[DA=0.36 NE=0.10 5HT=0.54 ACh=0.25 eCB=0.14 Glu=0.58 GABA=0.17] | osc[δ=0.486 θ=0.228 γ=0.287] | em[C2:ρ=0.38/τ=1.00/s=0.65 C4:Q=-0.2 W=83 pl=3 C3:pc=nan C5:lat=1.00 C6:pac=0.03] | gif7[dgn=0.987 lr×1.000] | trunk[budget=1.00 bpp=3.16e-08 erank=397.9 uni=4.40 α=0.56 R²=0.72 PR=3.3]
step  2180 | loss 6.5546 | lm 6.5547 | ppl 702.5 | gnorm 0.761 | lr 4.54e-04 | 3565 tok/s | Φ 0.678 | λ₁ 0.075 | ign 0.64 | mesoLG 0.46 | troph 8/8 μ8.46 | NT[DA=0.12 NE=0.16 5HT=0.55 ACh=0.26 eCB=0.11 Glu=0.45 GABA=0.18] | osc[δ=0.428 θ=0.293 γ=0.279] | em[C2:ρ=0.33/τ=1.00/s=0.64 C4:Q=-7.9 W=112 pl=2 C3:pc=nan C5:lat=1.00 C6:pac=0.02] | gif7[dgn=0.989 lr×1.000] | trunk[budget=1.00 bpp=2.28e-08 erank=384.5 uni=5.03 α=0.57 R²=0.78 PR=3.1]
step  2200 | loss 6.7796 | lm 6.7797 | ppl 879.8 | gnorm 0.797 | lr 4.58e-04 | 3545 tok/s | Φ 0.525 | λ₁ 0.075 | ign 0.63 | mesoLG 0.49 | troph 8/8 μ8.35 | NT[DA=0.25 NE=0.21 5HT=0.55 ACh=0.39 eCB=0.09 Glu=0.43 GABA=0.09] | osc[δ=0.464 θ=0.289 γ=0.247] | em[C2:ρ=0.11/τ=0.99/s=0.63 C4:Q=2.1 W=75 pl=4 C3:pc=nan C5:lat=1.00 C6:pac=0.02] | gif7[dgn=0.988 lr×1.000] | trunk[budget=1.00 bpp=2.84e-08 erank=394.4 uni=4.13 α=0.64 R²=0.76 PR=4.8]
step  2220 | loss 6.7124 | lm 6.7125 | ppl 822.6 | gnorm 0.686 | lr 4.63e-04 | 3588 tok/s | Φ 0.586 | λ₁ 0.075 | ign 0.63 | mesoLG 0.51 | troph 8/8 μ8.22 | NT[DA=0.14 NE=0.10 5HT=0.54 ACh=0.45 eCB=0.07 Glu=0.34 GABA=0.05] | osc[δ=0.484 θ=0.315 γ=0.201] | em[C2:ρ=0.05/τ=0.97/s=0.63 C4:Q=0.7 W=88 pl=3 C3:pc=nan C5:lat=1.00 C6:pac=0.02] | gif7[dgn=0.991 lr×1.000] | trunk[budget=1.00 bpp=2.86e-08 erank=395.5 uni=4.13 α=0.61 R²=0.75 PR=4.2]
step  2240 | loss 6.8842 | lm 6.8844 | ppl 976.9 | gnorm 0.749 | lr 4.67e-04 | 3548 tok/s | Φ 0.667 | λ₁ 0.075 | ign 0.54 | mesoLG 0.45 | troph 8/8 μ8.11 | NT[DA=0.10 NE=0.14 5HT=0.53 ACh=0.34 eCB=0.07 Glu=0.35 GABA=0.10] | osc[δ=0.360 θ=0.340 γ=0.300] | em[C2:ρ=0.25/τ=0.96/s=0.54 C4:Q=0.1 W=114 pl=2 C3:pc=nan C5:lat=1.00 C6:pac=0.01] | gif7[dgn=0.989 lr×1.000] | trunk[budget=1.00 bpp=2.61e-08 erank=384.1 uni=4.23 α=0.54 R²=0.76 PR=2.8]
step  2260 | loss 6.6796 | lm 6.6797 | ppl 796.1 | gnorm 1.077 | lr 4.71e-04 | 3598 tok/s | Φ 0.595 | λ₁ 0.075 | ign 0.54 | mesoLG 0.48 | troph 8/8 μ8.24 | NT[DA=0.25 NE=0.23 5HT=0.53 ACh=0.21 eCB=0.11 Glu=0.50 GABA=0.28] | osc[δ=0.418 θ=0.261 γ=0.321] | em[C2:ρ=0.45/τ=0.99/s=0.54 C4:Q=2.1 W=81 pl=4 C3:pc=nan C5:lat=1.00 C6:pac=0.02] | gif7[dgn=0.978 lr×1.000] | trunk[budget=1.00 bpp=2.19e-08 erank=396.3 uni=4.61 α=0.63 R²=0.78 PR=5.1]
step  2280 | loss 6.7999 | lm 6.8000 | ppl 897.8 | gnorm 0.860 | lr 4.75e-04 | 3545 tok/s | Φ 0.629 | λ₁ 0.075 | ign 0.58 | mesoLG 0.50 | troph 8/8 μ8.04 | NT[DA=0.12 NE=0.54 5HT=0.53 ACh=0.17 eCB=0.07 Glu=0.30 GABA=0.47] | osc[δ=0.371 θ=0.293 γ=0.336] | em[C2:ρ=0.58/τ=1.00/s=0.58 C4:Q=-5.6 W=93 pl=3 C3:pc=nan C5:lat=1.00 C6:pac=0.01] | gif7[dgn=0.986 lr×1.000] | trunk[budget=1.00 bpp=2.68e-08 erank=396.8 uni=4.11 α=0.60 R²=0.79 PR=3.9]
step  2300 | loss 6.5936 | lm 6.5938 | ppl 730.5 | gnorm 1.034 | lr 4.79e-04 | 3554 tok/s | Φ 0.647 | λ₁ 0.075 | ign 0.63 | mesoLG 0.46 | troph 8/8 μ7.86 | NT[DA=0.15 NE=0.32 5HT=0.53 ACh=0.14 eCB=0.07 Glu=0.34 GABA=0.52] | osc[δ=0.420 θ=0.284 γ=0.297] | em[C2:ρ=0.69/τ=1.00/s=0.63 C4:Q=0.0 W=95 pl=2 C3:pc=nan C5:lat=1.00 C6:pac=0.02] | gif7[dgn=0.979 lr×1.000] | trunk[budget=1.00 bpp=2.42e-08 erank=395.1 uni=4.81 α=0.60 R²=0.74 PR=4.3]
step  2320 | loss 7.1124 | lm 7.1125 | ppl 1227.2 | gnorm 0.736 | lr 4.83e-04 | 3555 tok/s | Φ 0.696 | λ₁ 0.075 | ign 0.63 | mesoLG 0.48 | troph 8/8 μ7.63 | NT[DA=0.11 NE=0.14 5HT=0.51 ACh=0.21 eCB=0.05 Glu=0.26 GABA=0.25] | osc[δ=0.437 θ=0.293 γ=0.269] | em[C2:ρ=0.48/τ=1.00/s=0.63 C4:Q=1.5 W=110 pl=2 C3:pc=nan C5:lat=1.00 C6:pac=0.02] | gif7[dgn=0.989 lr×1.000] | trunk[budget=1.00 bpp=2.93e-08 erank=393.9 uni=3.51 α=0.60 R²=0.78 PR=4.0]
step  2340 | loss 6.5249 | lm 6.5250 | ppl 682.0 | gnorm 0.824 | lr 4.87e-04 | 3620 tok/s | Φ 0.644 | λ₁ 0.075 | ign 0.63 | mesoLG 0.47 | troph 8/8 μ7.73 | NT[DA=0.16 NE=0.17 5HT=0.52 ACh=0.24 eCB=0.08 Glu=0.39 GABA=0.22] | osc[δ=0.465 θ=0.290 γ=0.245] | em[C2:ρ=0.45/τ=1.00/s=0.63 C4:Q=-0.3 W=130 pl=1 C3:pc=nan C5:lat=1.00 C6:pac=0.03] | gif7[dgn=0.987 lr×1.000] | trunk[budget=1.00 bpp=2.88e-08 erank=387.0 uni=3.67 α=0.56 R²=0.78 PR=3.2]
step  2360 | loss 6.9342 | lm 6.9344 | ppl 1027.0 | gnorm 0.779 | lr 4.92e-04 | 3543 tok/s | Φ 0.638 | λ₁ 0.075 | ign 0.64 | mesoLG 0.50 | troph 8/8 μ7.75 | NT[DA=0.10 NE=0.43 5HT=0.51 ACh=0.34 eCB=0.07 Glu=0.33 GABA=0.16] | osc[δ=0.480 θ=0.243 γ=0.277] | em[C2:ρ=0.27/τ=1.00/s=0.64 C4:Q=-0.7 W=116 pl=2 C3:pc=nan C5:lat=1.00 C6:pac=0.03] | gif7[dgn=0.988 lr×1.000] | trunk[budget=1.00 bpp=2.56e-08 erank=391.0 uni=4.56 α=0.56 R²=0.75 PR=3.4]
step  2380 | loss 6.3905 | lm 6.3906 | ppl 596.2 | gnorm 1.258 | lr 4.96e-04 | 3568 tok/s | Φ 0.641 | λ₁ 0.075 | ign 0.65 | mesoLG 0.48 | troph 8/8 μ7.96 | NT[DA=0.31 NE=0.32 5HT=0.53 ACh=0.35 eCB=0.13 Glu=0.57 GABA=0.13] | osc[δ=0.424 θ=0.322 γ=0.254] | em[C2:ρ=0.31/τ=1.00/s=0.65 C4:Q=2.0 W=122 pl=2 C3:pc=nan C5:lat=1.00 C6:pac=0.02] | gif7[dgn=0.970 lr×1.000] | trunk[budget=1.00 bpp=3.49e-08 erank=385.2 uni=4.05 α=0.54 R²=0.75 PR=2.7]
step  2400 | loss 6.6108 | lm 6.6109 | ppl 743.2 | gnorm 0.822 | lr 5.00e-04 | 3566 tok/s | Φ 0.416 | λ₁ 0.075 | ign 0.65 | mesoLG 0.51 | troph 8/8 μ8.03 | NT[DA=0.22 NE=0.11 5HT=0.53 ACh=0.30 eCB=0.12 Glu=0.52 GABA=0.13] | osc[δ=0.381 θ=0.340 γ=0.279] | em[C2:ρ=0.33/τ=1.00/s=0.65 C4:Q=-1.3 W=47 pl=6 C3:pc=nan C5:lat=1.00 C6:pac=0.03] | gif7[dgn=0.987 lr×1.000] | trunk[budget=1.00 bpp=2.65e-08 erank=385.7 uni=4.72 α=0.64 R²=0.75 PR=3.5]
step  2420 | loss 6.4467 | lm 6.4469 | ppl 630.7 | gnorm 0.802 | lr 5.00e-04 | 3610 tok/s | Φ 0.647 | λ₁ 0.075 | ign 0.65 | mesoLG 0.50 | troph 8/8 μ8.22 | NT[DA=0.15 NE=0.12 5HT=0.54 ACh=0.32 eCB=0.10 Glu=0.41 GABA=0.11] | osc[δ=0.336 θ=0.309 γ=0.354] | em[C2:ρ=0.28/τ=1.00/s=0.65 C4:Q=1.8 W=91 pl=2 C3:pc=nan C5:lat=1.00 C6:pac=0.02] | gif7[dgn=0.987 lr×1.000] | trunk[budget=1.00 bpp=2.65e-08 erank=407.8 uni=4.28 α=0.56 R²=0.76 PR=4.0]
step  2440 | loss 6.2811 | lm 6.2812 | ppl 534.5 | gnorm 0.696 | lr 5.00e-04 | 3543 tok/s | Φ 0.644 | λ₁ 0.075 | ign 0.69 | mesoLG 0.47 | troph 8/8 μ8.26 | NT[DA=0.13 NE=0.17 5HT=0.56 ACh=0.31 eCB=0.10 Glu=0.43 GABA=0.14] | osc[δ=0.287 θ=0.337 γ=0.376] | em[C2:ρ=0.36/τ=1.00/s=0.69 C4:Q=-3.0 W=121 pl=2 C3:pc=nan C5:lat=1.00 C6:pac=0.02] | gif7[dgn=0.990 lr×1.000] | trunk[budget=1.00 bpp=2.70e-08 erank=395.5 uni=3.81 α=0.56 R²=0.79 PR=3.1]
step  2460 | loss 6.8420 | lm 6.8422 | ppl 936.5 | gnorm 0.835 | lr 5.00e-04 | 3655 tok/s | Φ 0.644 | λ₁ 0.075 | ign 0.69 | mesoLG 0.49 | troph 8/8 μ8.35 | NT[DA=0.11 NE=0.12 5HT=0.54 ACh=0.35 eCB=0.07 Glu=0.31 GABA=0.09] | osc[δ=0.389 θ=0.283 γ=0.329] | em[C2:ρ=0.25/τ=1.00/s=0.69 C4:Q=3.6 W=78 pl=4 C3:pc=nan C5:lat=1.00 C6:pac=0.02] | gif7[dgn=0.986 lr×1.000] | trunk[budget=1.00 bpp=2.84e-08 erank=416.0 uni=4.96 α=0.57 R²=0.78 PR=5.2]
step  2480 | loss 6.2053 | lm 6.2055 | ppl 495.5 | gnorm 0.993 | lr 5.00e-04 | 3629 tok/s | Φ 0.326 | λ₁ 0.075 | ign 0.68 | mesoLG 0.51 | troph 8/8 μ8.51 | NT[DA=0.51 NE=0.21 5HT=0.56 ACh=0.34 eCB=0.11 Glu=0.59 GABA=0.11] | osc[δ=0.407 θ=0.258 γ=0.335] | em[C2:ρ=0.30/τ=1.00/s=0.68 C4:Q=2.6 W=37 pl=7 C3:pc=nan C5:lat=1.00 C6:pac=0.02] | gif7[dgn=0.981 lr×1.000] | trunk[budget=1.00 bpp=3.28e-08 erank=386.4 uni=4.40 α=0.51 R²=0.64 PR=2.1]
[train_dsl] heatmap step 2500: heatmaps/topology-100m/rcc_bowtie_30m_p4.json (max=0.15, hottest=language_model.lm_head)
[train_dsl] heatmap pushed → master
step  2500 | loss 6.3530 | lm 6.3531 | ppl 574.3 | gnorm 4.090 | lr 5.00e-04 | 2466 tok/s | Φ 0.589 | λ₁ 0.075 | ign 0.65 | mesoLG 0.49 | troph 8/8 μ9.06 | NT[DA=0.15 NE=0.94 5HT=0.56 ACh=0.29 eCB=0.16 Glu=0.57 GABA=0.38] | osc[δ=0.483 θ=0.242 γ=0.275] | em[C2:ρ=0.34/τ=1.00/s=0.65 C4:Q=0.7 W=101 pl=3 C3:pc=nan C5:lat=1.00 C6:pac=0.01] | gif7[dgn=0.774 lr×1.000] | trunk[budget=1.00 bpp=2.79e-08 erank=400.6 uni=5.47 α=0.62 R²=0.81 PR=5.0]
[mid-ood] step 2500: eval-v2 snapshot...
[eval-v2] corpus 'pg19' failed (skipping): RuntimeError: Dataset scripts are no longer supported, but found pg19.py
[mid-ood] step 2500: wikitext ppl=4850.2 gap_ratio=8.45 (train_ppl=574.3) traindist ppl=1975.9 gap_v2=2.45 (50 seq, 6430 tok)
step  2520 | loss 6.1202 | lm 6.1203 | ppl 455.0 | gnorm 1.205 | lr 5.00e-04 | 2622 tok/s | Φ 0.638 | λ₁ 0.075 | ign 0.72 | mesoLG 0.48 | troph 8/8 μ8.87 | NT[DA=0.20 NE=0.23 5HT=0.57 ACh=0.18 eCB=0.14 Glu=0.50 GABA=0.36] | osc[δ=0.499 θ=0.228 γ=0.272] | em[C2:ρ=0.59/τ=1.00/s=0.72 C4:Q=1.0 W=114 pl=2 C3:pc=nan C5:lat=1.00 C6:pac=0.01] | gif7[dgn=0.972 lr×1.000] | trunk[budget=1.00 bpp=3.25e-08 erank=396.8 uni=4.99 α=0.61 R²=0.83 PR=4.5]
step  2540 | loss 6.9514 | lm 6.9516 | ppl 1044.8 | gnorm 0.887 | lr 5.00e-04 | 3553 tok/s | Φ 0.603 | λ₁ 0.075 | ign 0.71 | mesoLG 0.50 | troph 8/8 μ8.85 | NT[DA=0.10 NE=0.14 5HT=0.54 ACh=0.12 eCB=0.08 Glu=0.40 GABA=0.49] | osc[δ=0.540 θ=0.203 γ=0.257] | em[C2:ρ=0.77/τ=1.00/s=0.71 C4:Q=-2.3 W=109 pl=3 C3:pc=nan C5:lat=1.00 C6:pac=0.02] | gif7[dgn=0.985 lr×1.000] | trunk[budget=1.00 bpp=3.07e-08 erank=391.9 uni=4.55 α=0.63 R²=0.84 PR=4.4]
step  2560 | loss 6.9733 | lm 6.9734 | ppl 1067.9 | gnorm 0.640 | lr 5.00e-04 | 3532 tok/s | Φ 0.618 | λ₁ 0.075 | ign 0.71 | mesoLG 0.52 | troph 8/8 μ8.76 | NT[DA=0.14 NE=0.11 5HT=0.52 ACh=0.19 eCB=0.07 Glu=0.34 GABA=0.27] | osc[δ=0.543 θ=0.186 γ=0.271] | em[C2:ρ=0.56/τ=1.00/s=0.71 C4:Q=-0.8 W=92 pl=3 C3:pc=nan C5:lat=1.00 C6:pac=0.03] | gif7[dgn=0.992 lr×1.000] | trunk[budget=1.00 bpp=3.02e-08 erank=410.0 uni=3.51 α=0.59 R²=0.81 PR=4.8]
step  2580 | loss 6.9389 | lm 6.9391 | ppl 1031.8 | gnorm 0.624 | lr 4.99e-04 | 3656 tok/s | Φ 0.635 | λ₁ 0.075 | ign 0.71 | mesoLG 0.52 | troph 8/8 μ8.46 | NT[DA=0.12 NE=0.11 5HT=0.50 ACh=0.34 eCB=0.05 Glu=0.28 GABA=0.09] | osc[δ=0.395 θ=0.333 γ=0.272] | em[C2:ρ=0.25/τ=1.00/s=0.71 C4:Q=-3.4 W=111 pl=2 C3:pc=nan C5:lat=1.00 C6:pac=0.03] | gif7[dgn=0.992 lr×1.000] | trunk[budget=1.00 bpp=2.84e-08 erank=402.5 uni=3.97 α=0.64 R²=0.86 PR=5.1]
step  2600 | loss 6.6295 | lm 6.6297 | ppl 757.2 | gnorm 0.844 | lr 4.99e-04 | 3541 tok/s | Φ 0.641 | λ₁ 0.075 | ign 0.70 | mesoLG 0.49 | troph 8/8 μ8.52 | NT[DA=0.11 NE=0.13 5HT=0.50 ACh=0.50 eCB=0.07 Glu=0.36 GABA=0.04] | osc[δ=0.339 θ=0.339 γ=0.322] | em[C2:ρ=0.05/τ=0.98/s=0.70 C4:Q=-0.9 W=104 pl=2 C3:pc=nan C5:lat=1.00 C6:pac=0.02] | gif7[dgn=0.986 lr×1.000] | trunk[budget=1.00 bpp=2.58e-08 erank=407.4 uni=4.45 α=0.60 R²=0.81 PR=5.1]
step  2620 | loss 6.4749 | lm 6.4750 | ppl 648.7 | gnorm 1.041 | lr 4.99e-04 | 3567 tok/s | Φ 0.635 | λ₁ 0.075 | ign 0.67 | mesoLG 0.52 | troph 8/8 μ8.54 | NT[DA=0.14 NE=0.17 5HT=0.51 ACh=0.40 eCB=0.09 Glu=0.41 GABA=0.08] | osc[δ=0.359 θ=0.360 γ=0.282] | em[C2:ρ=0.25/τ=0.97/s=0.67 C4:Q=-2.2 W=110 pl=2 C3:pc=nan C5:lat=1.00 C6:pac=0.02] | gif7[dgn=0.979 lr×1.000] | trunk[budget=1.00 bpp=2.70e-08 erank=404.3 uni=3.92 α=0.62 R²=0.80 PR=5.4]
step  2640 | loss 6.7577 | lm 6.7578 | ppl 860.8 | gnorm 0.796 | lr 4.99e-04 | 3619 tok/s | Φ 0.673 | λ₁ 0.075 | ign 0.65 | mesoLG 0.46 | troph 8/8 μ8.58 | NT[DA=0.10 NE=0.17 5HT=0.50 ACh=0.26 eCB=0.09 Glu=0.41 GABA=0.18] | osc[δ=0.333 θ=0.396 γ=0.270] | em[C2:ρ=0.50/τ=1.00/s=0.65 C4:Q=2.2 W=124 pl=2 C3:pc=nan C5:lat=1.00 C6:pac=0.02] | gif7[dgn=0.988 lr×1.000] | trunk[budget=1.00 bpp=3.07e-08 erank=397.6 uni=4.38 α=0.60 R²=0.83 PR=4.2]
step  2660 | loss 6.2819 | lm 6.2820 | ppl 534.9 | gnorm 0.680 | lr 4.99e-04 | 3602 tok/s | Φ 0.606 | λ₁ 0.075 | ign 0.61 | mesoLG 0.52 | troph 8/8 μ8.73 | NT[DA=0.19 NE=0.12 5HT=0.52 ACh=0.20 eCB=0.15 Glu=0.55 GABA=0.27] | osc[δ=0.352 θ=0.368 γ=0.280] | em[C2:ρ=0.59/τ=1.00/s=0.61 C4:Q=-3.2 W=94 pl=2 C3:pc=nan C5:lat=1.00 C6:pac=0.02] | gif7[dgn=0.991 lr×1.000] | trunk[budget=1.00 bpp=3.02e-08 erank=404.0 uni=3.91 α=0.64 R²=0.84 PR=5.4]
step  2680 | loss 6.7670 | lm 6.7672 | ppl 868.9 | gnorm 1.688 | lr 4.98e-04 | 3558 tok/s | Φ 0.638 | λ₁ 0.075 | ign 0.61 | mesoLG 0.51 | troph 8/8 μ8.75 | NT[DA=0.10 NE=0.20 5HT=0.51 ACh=0.27 eCB=0.12 Glu=0.49 GABA=0.18] | osc[δ=0.362 θ=0.361 γ=0.277] | em[C2:ρ=0.41/τ=1.00/s=0.61 C4:Q=-2.6 W=108 pl=2 C3:pc=nan C5:lat=1.00 C6:pac=0.02] | gif7[dgn=0.947 lr×1.000] | trunk[budget=1.00 bpp=2.88e-08 erank=394.8 uni=5.48 α=0.61 R²=0.83 PR=4.4]
step  2700 | loss 6.5358 | lm 6.5359 | ppl 689.5 | gnorm 1.270 | lr 4.98e-04 | 3626 tok/s | Φ 0.606 | λ₁ 0.075 | ign 0.59 | mesoLG 0.55 | troph 8/8 μ8.48 | NT[DA=0.20 NE=0.29 5HT=0.52 ACh=0.28 eCB=0.08 Glu=0.40 GABA=0.19] | osc[δ=0.390 θ=0.360 γ=0.250] | em[C2:ρ=0.42/τ=1.00/s=0.59 C4:Q=0.4 W=73 pl=4 C3:pc=nan C5:lat=1.00 C6:pac=0.02] | gif7[dgn=0.969 lr×1.000] | trunk[budget=1.00 bpp=3.02e-08 erank=403.5 uni=4.22 α=0.63 R²=0.81 PR=4.5]
step  2720 | loss 6.9327 | lm 6.9328 | ppl 1025.4 | gnorm 0.660 | lr 4.98e-04 | 3728 tok/s | Φ 0.615 | λ₁ 0.075 | ign 0.60 | mesoLG 0.50 | troph 8/8 μ8.39 | NT[DA=0.13 NE=0.11 5HT=0.50 ACh=0.29 eCB=0.07 Glu=0.38 GABA=0.14] | osc[δ=0.406 θ=0.343 γ=0.251] | em[C2:ρ=0.41/τ=1.00/s=0.60 C4:Q=-5.9 W=105 pl=2 C3:pc=nan C5:lat=1.00 C6:pac=0.02] | gif7[dgn=0.991 lr×1.000] | trunk[budget=1.00 bpp=3.28e-08 erank=399.8 uni=3.85 α=0.65 R²=0.86 PR=5.2]
step  2740 | loss 6.6358 | lm 6.6359 | ppl 762.0 | gnorm 0.801 | lr 4.98e-04 | 3563 tok/s | Φ 0.615 | λ₁ 0.075 | ign 0.60 | mesoLG 0.49 | troph 8/8 μ8.53 | NT[DA=0.16 NE=0.18 5HT=0.50 ACh=0.26 eCB=0.10 Glu=0.46 GABA=0.19] | osc[δ=0.392 θ=0.293 γ=0.315] | em[C2:ρ=0.48/τ=1.00/s=0.60 C4:Q=-7.1 W=120 pl=2 C3:pc=nan C5:lat=1.00 C6:pac=0.02] | gif7[dgn=0.987 lr×1.000] | trunk[budget=1.00 bpp=2.95e-08 erank=399.4 uni=3.64 α=0.62 R²=0.83 PR=4.8]
step  2760 | loss 6.3405 | lm 6.3406 | ppl 567.2 | gnorm 0.871 | lr 4.98e-04 | 3532 tok/s | Φ 0.491 | λ₁ 0.075 | ign 0.60 | mesoLG 0.51 | troph 8/8 μ8.50 | NT[DA=0.45 NE=0.11 5HT=0.52 ACh=0.35 eCB=0.13 Glu=0.61 GABA=0.09] | osc[δ=0.423 θ=0.266 γ=0.312] | em[C2:ρ=0.28/τ=1.00/s=0.60 C4:Q=-2.5 W=80 pl=4 C3:pc=nan C5:lat=1.00 C6:pac=0.03] | gif7[dgn=0.985 lr×1.000] | trunk[budget=1.00 bpp=4.58e-08 erank=392.6 uni=3.86 α=0.68 R²=0.85 PR=5.5]
step  2780 | loss 6.7186 | lm 6.7188 | ppl 827.8 | gnorm 0.907 | lr 4.97e-04 | 3564 tok/s | Φ 0.514 | λ₁ 0.075 | ign 0.60 | mesoLG 0.50 | troph 8/8 μ8.45 | NT[DA=0.12 NE=0.17 5HT=0.51 ACh=0.49 eCB=0.09 Glu=0.45 GABA=0.04] | osc[δ=0.380 θ=0.288 γ=0.332] | em[C2:ρ=0.09/τ=0.99/s=0.60 C4:Q=-1.2 W=81 pl=4 C3:pc=nan C5:lat=1.00 C6:pac=0.04] | gif7[dgn=0.984 lr×1.000] | trunk[budget=1.00 bpp=2.84e-08 erank=389.2 uni=3.85 α=0.71 R²=0.86 PR=6.3]
step  2800 | loss 6.7061 | lm 6.7062 | ppl 817.5 | gnorm 1.068 | lr 4.97e-04 | 3551 tok/s | Φ 0.520 | λ₁ 0.075 | ign 0.58 | mesoLG 0.53 | troph 8/8 μ8.46 | NT[DA=0.20 NE=0.15 5HT=0.50 ACh=0.39 eCB=0.08 Glu=0.43 GABA=0.08] | osc[δ=0.469 θ=0.264 γ=0.268] | em[C2:ρ=0.23/τ=0.98/s=0.58 C4:Q=-2.6 W=62 pl=5 C3:pc=nan C5:lat=1.00 C6:pac=0.03] | gif7[dgn=0.978 lr×1.000] | trunk[budget=1.00 bpp=3.39e-08 erank=392.6 uni=3.92 α=0.69 R²=0.86 PR=5.6]
step  2820 | loss 6.3335 | lm 6.3336 | ppl 563.2 | gnorm 0.845 | lr 4.97e-04 | 3557 tok/s | Φ 0.528 | λ₁ 0.075 | ign 0.58 | mesoLG 0.54 | troph 8/8 μ8.49 | NT[DA=0.28 NE=0.15 5HT=0.52 ACh=0.30 eCB=0.14 Glu=0.58 GABA=0.13] | osc[δ=0.424 θ=0.284 γ=0.292] | em[C2:ρ=0.36/τ=1.00/s=0.58 C4:Q=-1.3 W=93 pl=2 C3:pc=nan C5:lat=1.00 C6:pac=0.03] | gif7[dgn=0.986 lr×1.000] | trunk[budget=1.00 bpp=3.65e-08 erank=394.2 uni=3.78 α=0.64 R²=0.80 PR=3.6]
step  2840 | loss 6.3124 | lm 6.3125 | ppl 551.4 | gnorm 1.115 | lr 4.96e-04 | 3575 tok/s | Φ 0.574 | λ₁ 0.075 | ign 0.58 | mesoLG 0.54 | troph 8/8 μ8.41 | NT[DA=0.34 NE=0.24 5HT=0.53 ACh=0.27 eCB=0.11 Glu=0.50 GABA=0.19] | osc[δ=0.383 θ=0.315 γ=0.302] | em[C2:ρ=0.42/τ=1.00/s=0.58 C4:Q=-0.4 W=82 pl=5 C3:pc=nan C5:lat=1.00 C6:pac=0.04] | gif7[dgn=0.976 lr×1.000] | trunk[budget=1.00 bpp=3.95e-08 erank=398.1 uni=3.91 α=0.70 R²=0.85 PR=6.0]
step  2860 | loss 6.4905 | lm 6.4906 | ppl 658.9 | gnorm 0.829 | lr 4.96e-04 | 3600 tok/s | Φ 0.629 | λ₁ 0.075 | ign 0.57 | mesoLG 0.50 | troph 8/8 μ8.53 | NT[DA=0.15 NE=0.17 5HT=0.53 ACh=0.23 eCB=0.10 Glu=0.44 GABA=0.24] | osc[δ=0.339 θ=0.325 γ=0.336] | em[C2:ρ=0.47/τ=1.00/s=0.57 C4:Q=-3.7 W=103 pl=2 C3:pc=nan C5:lat=1.00 C6:pac=0.03] | gif7[dgn=0.987 lr×1.000] | trunk[budget=1.00 bpp=3.02e-08 erank=399.6 uni=4.34 α=0.64 R²=0.83 PR=5.7]
step  2880 | loss 6.4717 | lm 6.4719 | ppl 646.7 | gnorm 0.762 | lr 4.96e-04 | 3548 tok/s | Φ 0.557 | λ₁ 0.075 | ign 0.57 | mesoLG 0.49 | troph 8/8 μ8.56 | NT[DA=0.17 NE=0.11 5HT=0.53 ACh=0.32 eCB=0.10 Glu=0.46 GABA=0.11] | osc[δ=0.289 θ=0.365 γ=0.345] | em[C2:ρ=0.31/τ=1.00/s=0.57 C4:Q=2.2 W=98 pl=2 C3:pc=nan C5:lat=1.00 C6:pac=0.02] | gif7[dgn=0.989 lr×1.000] | trunk[budget=1.00 bpp=3.60e-08 erank=396.7 uni=3.48 α=0.65 R²=0.80 PR=4.3]
step  2900 | loss 6.0163 | lm 6.0164 | ppl 410.1 | gnorm 0.767 | lr 4.95e-04 | 3756 tok/s | Φ 0.615 | λ₁ 0.075 | ign 0.57 | mesoLG 0.46 | troph 8/8 μ8.86 | NT[DA=0.42 NE=0.14 5HT=0.56 ACh=0.35 eCB=0.25 Glu=0.77 GABA=0.09] | osc[δ=0.457 θ=0.260 γ=0.283] | em[C2:ρ=0.27/τ=1.00/s=0.57 C4:Q=1.8 W=91 pl=2 C3:pc=nan C5:lat=1.00 C6:pac=0.01] | gif7[dgn=0.988 lr×1.000] | trunk[budget=1.00 bpp=3.23e-08 erank=394.7 uni=3.78 α=0.65 R²=0.86 PR=5.1]
step  2920 | loss 5.9014 | lm 5.9016 | ppl 365.6 | gnorm 0.658 | lr 4.95e-04 | 3550 tok/s | Φ 0.471 | λ₁ 0.075 | ign 0.57 | mesoLG 0.50 | troph 8/8 μ8.87 | NT[DA=0.31 NE=0.14 5HT=0.58 ACh=0.46 eCB=0.18 Glu=0.63 GABA=0.05] | osc[δ=0.435 θ=0.261 γ=0.304] | em[C2:ρ=0.11/τ=0.99/s=0.57 C4:Q=-2.3 W=80 pl=4 C3:pc=nan C5:lat=1.00 C6:pac=0.01] | gif7[dgn=0.991 lr×1.000] | trunk[budget=1.00 bpp=3.90e-08 erank=392.0 uni=4.18 α=0.69 R²=0.85 PR=6.1]
step  2940 | loss 6.2045 | lm 6.2047 | ppl 495.1 | gnorm 0.779 | lr 4.94e-04 | 3507 tok/s | Φ 0.560 | λ₁ 0.075 | ign 0.61 | mesoLG 0.49 | troph 8/8 μ8.73 | NT[DA=0.25 NE=0.27 5HT=0.58 ACh=0.41 eCB=0.11 Glu=0.51 GABA=0.09] | osc[δ=0.426 θ=0.273 γ=0.301] | em[C2:ρ=0.25/τ=0.98/s=0.61 C4:Q=1.1 W=103 pl=4 C3:pc=nan C5:lat=1.00 C6:pac=0.01] | gif7[dgn=0.988 lr×1.000] | trunk[budget=1.00 bpp=3.88e-08 erank=398.3 uni=3.52 α=0.69 R²=0.84 PR=6.7]
step  2960 | loss 6.3030 | lm 6.3031 | ppl 546.3 | gnorm 0.832 | lr 4.94e-04 | 3510 tok/s | Φ 0.517 | λ₁ 0.075 | ign 0.62 | mesoLG 0.49 | troph 8/8 μ8.71 | NT[DA=0.21 NE=0.17 5HT=0.57 ACh=0.24 eCB=0.11 Glu=0.50 GABA=0.21] | osc[δ=0.340 θ=0.302 γ=0.359] | em[C2:ρ=0.44/τ=1.00/s=0.62 C4:Q=0.8 W=82 pl=4 C3:pc=nan C5:lat=1.00 C6:pac=0.01] | gif7[dgn=0.986 lr×1.000] | trunk[budget=1.00 bpp=3.19e-08 erank=393.7 uni=3.98 α=0.70 R²=0.88 PR=6.5]
step  2980 | loss 6.3733 | lm 6.3734 | ppl 586.1 | gnorm 1.088 | lr 4.94e-04 | 3548 tok/s | Φ 0.621 | λ₁ 0.075 | ign 0.64 | mesoLG 0.47 | troph 8/8 μ8.64 | NT[DA=0.11 NE=0.33 5HT=0.56 ACh=0.19 eCB=0.09 Glu=0.37 GABA=0.36] | osc[δ=0.361 θ=0.259 γ=0.380] | em[C2:ρ=0.56/τ=1.00/s=0.64 C4:Q=-2.3 W=110 pl=3 C3:pc=nan C5:lat=1.00 C6:pac=0.02] | gif7[dgn=0.977 lr×1.000] | trunk[budget=1.00 bpp=2.98e-08 erank=401.8 uni=5.21 α=0.67 R²=0.87 PR=5.8]
[train_dsl] heatmap step 3000: heatmaps/topology-100m/rcc_bowtie_30m_p4.json (max=0.37, hottest=language_model.embed)
[train_dsl] heatmap pushed → master
step  3000 | loss 6.6920 | lm 6.6922 | ppl 806.1 | gnorm 1.473 | lr 4.93e-04 | 2585 tok/s | Φ 0.459 | λ₁ 0.075 | ign 0.68 | mesoLG 0.55 | troph 8/8 μ8.28 | NT[DA=0.31 NE=0.90 5HT=0.53 ACh=0.14 eCB=0.07 Glu=0.43 GABA=0.71] | osc[δ=0.402 θ=0.289 γ=0.309] | em[C2:ρ=0.69/τ=1.00/s=0.68 C4:Q=-2.4 W=81 pl=5 C3:pc=nan C5:lat=1.00 C6:pac=0.02] | gif7[dgn=0.959 lr×1.000] | trunk[budget=1.00 bpp=4.23e-08 erank=390.5 uni=5.10 α=0.69 R²=0.86 PR=5.5]
[mid-ood] step 3000: eval-v2 snapshot...
[eval-v2] corpus 'pg19' failed (skipping): RuntimeError: Dataset scripts are no longer supported, but found pg19.py
[mid-ood] step 3000: wikitext ppl=3630.5 gap_ratio=4.50 (train_ppl=806.1) traindist ppl=1668.5 gap_v2=2.18 (50 seq, 6430 tok)
step  3020 | loss 6.1467 | lm 6.1469 | ppl 467.3 | gnorm 0.750 | lr 4.93e-04 | 2366 tok/s | Φ 0.664 | λ₁ 0.075 | ign 0.73 | mesoLG 0.53 | troph 8/8 μ8.47 | NT[DA=0.09 NE=0.15 5HT=0.54 ACh=0.16 eCB=0.10 Glu=0.39 GABA=0.38] | osc[δ=0.439 θ=0.285 γ=0.275] | em[C2:ρ=0.69/τ=1.00/s=0.73 C4:Q=-3.4 W=120 pl=2 C3:pc=nan C5:lat=1.00 C6:pac=0.02] | gif7[dgn=0.989 lr×1.000] | trunk[budget=1.00 bpp=2.40e-08 erank=404.1 uni=3.97 α=0.59 R²=0.87 PR=4.5]
step  3040 | loss 6.7764 | lm 6.7766 | ppl 877.0 | gnorm 0.951 | lr 4.92e-04 | 3603 tok/s | Φ 0.629 | λ₁ 0.075 | ign 0.73 | mesoLG 0.52 | troph 8/8 μ8.46 | NT[DA=0.07 NE=0.13 5HT=0.51 ACh=0.20 eCB=0.05 Glu=0.24 GABA=0.27] | osc[δ=0.481 θ=0.293 γ=0.226] | em[C2:ρ=0.58/τ=1.00/s=0.73 C4:Q=-1.7 W=140 pl=1 C3:pc=nan C5:lat=1.00 C6:pac=0.03] | gif7[dgn=0.982 lr×1.000] | trunk[budget=1.00 bpp=2.68e-08 erank=404.4 uni=3.80 α=0.57 R²=0.83 PR=4.2]
step  3060 | loss 6.8952 | lm 6.8953 | ppl 987.6 | gnorm 0.852 | lr 4.92e-04 | 3633 tok/s | Φ 0.508 | λ₁ 0.075 | ign 0.69 | mesoLG 0.53 | troph 8/8 μ8.66 | NT[DA=0.15 NE=0.17 5HT=0.49 ACh=0.28 eCB=0.07 Glu=0.40 GABA=0.16] | osc[δ=0.435 θ=0.291 γ=0.273] | em[C2:ρ=0.44/τ=1.00/s=0.69 C4:Q=1.5 W=68 pl=5 C3:pc=nan C5:lat=1.00 C6:pac=0.02] | gif7[dgn=0.986 lr×1.000] | trunk[budget=1.00 bpp=3.14e-08 erank=391.9 uni=4.54 α=0.67 R²=0.86 PR=5.7]
step  3080 | loss 6.2436 | lm 6.2438 | ppl 514.8 | gnorm 1.194 | lr 4.91e-04 | 3600 tok/s | Φ 0.520 | λ₁ 0.075 | ign 0.68 | mesoLG 0.50 | troph 8/8 μ8.63 | NT[DA=0.21 NE=0.18 5HT=0.50 ACh=0.41 eCB=0.09 Glu=0.42 GABA=0.07] | osc[δ=0.387 θ=0.332 γ=0.281] | em[C2:ρ=0.17/τ=1.00/s=0.68 C4:Q=-0.6 W=73 pl=6 C3:pc=nan C5:lat=1.00 C6:pac=0.01] | gif7[dgn=0.973 lr×1.000] | trunk[budget=1.00 bpp=3.14e-08 erank=401.3 uni=4.91 α=0.70 R²=0.86 PR=7.1]
step  3100 | loss 6.6155 | lm 6.6156 | ppl 746.7 | gnorm 1.165 | lr 4.91e-04 | 3620 tok/s | Φ 0.609 | λ₁ 0.075 | ign 0.70 | mesoLG 0.48 | troph 8/8 μ8.45 | NT[DA=0.07 NE=0.33 5HT=0.49 ACh=0.31 eCB=0.06 Glu=0.26 GABA=0.17] | osc[δ=0.425 θ=0.325 γ=0.250] | em[C2:ρ=0.47/τ=1.00/s=0.70 C4:Q=-0.6 W=135 pl=1 C3:pc=nan C5:lat=1.00 C6:pac=0.01] | gif7[dgn=0.974 lr×1.000] | trunk[budget=1.00 bpp=3.09e-08 erank=406.4 uni=3.92 α=0.62 R²=0.85 PR=5.5]
step  3120 | loss 6.6866 | lm 6.6867 | ppl 801.7 | gnorm 1.206 | lr 4.90e-04 | 3620 tok/s | Φ 0.681 | λ₁ 0.075 | ign 0.72 | mesoLG 0.49 | troph 8/8 μ8.13 | NT[DA=0.09 NE=0.92 5HT=0.48 ACh=0.20 eCB=0.04 Glu=0.21 GABA=0.57] | osc[δ=0.453 θ=0.313 γ=0.234] | em[C2:ρ=0.64/τ=1.00/s=0.72 C4:Q=2.4 W=110 pl=2 C3:pc=nan C5:lat=1.00 C6:pac=0.01] | gif7[dgn=0.972 lr×1.000] | trunk[budget=1.00 bpp=2.79e-08 erank=418.8 uni=4.05 α=0.61 R²=0.87 PR=6.5]
step  3140 | loss 6.2530 | lm 6.2531 | ppl 519.6 | gnorm 1.157 | lr 4.90e-04 | 3648 tok/s | Φ 0.546 | λ₁ 0.075 | ign 0.69 | mesoLG 0.50 | troph 8/8 μ8.26 | NT[DA=0.23 NE=0.20 5HT=0.50 ACh=0.16 eCB=0.11 Glu=0.56 GABA=0.41] | osc[δ=0.557 θ=0.237 γ=0.206] | em[C2:ρ=0.78/τ=1.00/s=0.69 C4:Q=-4.2 W=76 pl=6 C3:pc=nan C5:lat=1.00 C6:pac=0.01] | gif7[dgn=0.974 lr×1.000] | trunk[budget=1.00 bpp=2.93e-08 erank=392.5 uni=4.00 α=0.72 R²=0.90 PR=6.8]
step  3160 | loss 6.6577 | lm 6.6578 | ppl 778.8 | gnorm 0.988 | lr 4.89e-04 | 3895 tok/s | Φ 0.632 | λ₁ 0.075 | ign 0.69 | mesoLG 0.49 | troph 8/8 μ8.46 | NT[DA=0.17 NE=0.13 5HT=0.49 ACh=0.20 eCB=0.10 Glu=0.44 GABA=0.27] | osc[δ=0.537 θ=0.270 γ=0.193] | em[C2:ρ=0.62/τ=1.00/s=0.69 C4:Q=1.2 W=136 pl=1 C3:pc=nan C5:lat=1.00 C6:pac=0.01] | gif7[dgn=0.981 lr×1.000] | trunk[budget=1.00 bpp=3.86e-08 erank=393.9 uni=4.27 α=0.61 R²=0.83 PR=4.1]
step  3180 | loss 6.3592 | lm 6.3594 | ppl 577.9 | gnorm 1.173 | lr 4.88e-04 | 3945 tok/s | Φ 0.621 | λ₁ 0.075 | ign 0.69 | mesoLG 0.49 | troph 8/8 μ8.52 | NT[DA=0.16 NE=0.19 5HT=0.50 ACh=0.32 eCB=0.11 Glu=0.47 GABA=0.13] | osc[δ=0.518 θ=0.254 γ=0.227] | em[C2:ρ=0.39/τ=1.00/s=0.69 C4:Q=-3.3 W=109 pl=2 C3:pc=nan C5:lat=1.00 C6:pac=0.01] | gif7[dgn=0.974 lr×1.000] | trunk[budget=1.00 bpp=3.12e-08 erank=392.3 uni=4.15 α=0.57 R²=0.83 PR=3.1]
step  3200 | loss 6.9311 | lm 6.9313 | ppl 1023.8 | gnorm 0.972 | lr 4.88e-04 | 3914 tok/s | Φ 0.612 | λ₁ 0.075 | ign 0.69 | mesoLG 0.49 | troph 8/8 μ8.72 | NT[DA=0.07 NE=0.15 5HT=0.47 ACh=0.45 eCB=0.09 Glu=0.42 GABA=0.05] | osc[δ=0.311 θ=0.332 γ=0.357] | em[C2:ρ=0.16/τ=1.00/s=0.69 C4:Q=0.2 W=126 pl=2 C3:pc=nan C5:lat=1.00 C6:pac=0.01] | gif7[dgn=0.982 lr×1.000] | trunk[budget=1.00 bpp=2.74e-08 erank=392.6 uni=3.86 α=0.60 R²=0.84 PR=4.2]
step  3220 | loss 6.8764 | lm 6.8766 | ppl 969.3 | gnorm 0.895 | lr 4.87e-04 | 3941 tok/s | Φ 0.600 | λ₁ 0.075 | ign 0.69 | mesoLG 0.50 | troph 8/8 μ8.72 | NT[DA=0.10 NE=0.17 5HT=0.46 ACh=0.44 eCB=0.09 Glu=0.40 GABA=0.06] | osc[δ=0.414 θ=0.294 γ=0.292] | em[C2:ρ=0.23/τ=0.99/s=0.69 C4:Q=3.4 W=90 pl=6 C3:pc=nan C5:lat=1.00 C6:pac=0.01] | gif7[dgn=0.984 lr×1.000] | trunk[budget=1.00 bpp=3.35e-08 erank=401.8 uni=4.24 α=0.67 R²=0.90 PR=6.3]
step  3240 | loss 6.2202 | lm 6.2203 | ppl 502.9 | gnorm 0.774 | lr 4.87e-04 | 3924 tok/s | Φ 0.592 | λ₁ 0.075 | ign 0.68 | mesoLG 0.47 | troph 8/8 μ8.70 | NT[DA=0.25 NE=0.19 5HT=0.49 ACh=0.32 eCB=0.11 Glu=0.49 GABA=0.14] | osc[δ=0.335 θ=0.326 γ=0.339] | em[C2:ρ=0.47/τ=1.00/s=0.68 C4:Q=-2.0 W=106 pl=2 C3:pc=nan C5:lat=1.00 C6:pac=0.02] | gif7[dgn=0.988 lr×1.000] | trunk[budget=1.00 bpp=3.97e-08 erank=413.6 uni=4.58 α=0.65 R²=0.88 PR=7.1]
step  3260 | loss 6.4452 | lm 6.4453 | ppl 629.7 | gnorm 1.201 | lr 4.86e-04 | 3910 tok/s | Φ 0.629 | λ₁ 0.075 | ign 0.67 | mesoLG 0.47 | troph 8/8 μ8.65 | NT[DA=0.14 NE=0.23 5HT=0.49 ACh=0.29 eCB=0.08 Glu=0.32 GABA=0.16] | osc[δ=0.424 θ=0.353 γ=0.223] | em[C2:ρ=0.48/τ=1.00/s=0.67 C4:Q=-5.6 W=119 pl=2 C3:pc=nan C5:lat=1.00 C6:pac=0.02] | gif7[dgn=0.972 lr×1.000] | trunk[budget=1.00 bpp=3.88e-08 erank=407.3 uni=5.25 α=0.62 R²=0.88 PR=5.4]
step  3280 | loss 6.6045 | lm 6.6047 | ppl 738.5 | gnorm 1.424 | lr 4.85e-04 | 3895 tok/s | Φ 0.650 | λ₁ 0.075 | ign 0.60 | mesoLG 0.46 | troph 8/8 μ8.42 | NT[DA=0.15 NE=0.19 5HT=0.49 ACh=0.23 eCB=0.06 Glu=0.35 GABA=0.23] | osc[δ=0.377 θ=0.342 γ=0.281] | em[C2:ρ=0.55/τ=1.00/s=0.60 C4:Q=-3.8 W=130 pl=1 C3:pc=nan C5:lat=1.00 C6:pac=0.01] | gif7[dgn=0.962 lr×1.000] | trunk[budget=1.00 bpp=3.49e-08 erank=411.9 uni=5.02 α=0.63 R²=0.87 PR=6.0]
step  3300 | loss 6.2655 | lm 6.2656 | ppl 526.2 | gnorm 0.939 | lr 4.85e-04 | 4012 tok/s | Φ 0.606 | λ₁ 0.075 | ign 0.59 | mesoLG 0.51 | troph 8/8 μ8.64 | NT[DA=0.16 NE=0.17 5HT=0.50 ACh=0.22 eCB=0.11 Glu=0.48 GABA=0.24] | osc[δ=0.356 θ=0.314 γ=0.330] | em[C2:ρ=0.58/τ=1.00/s=0.59 C4:Q=-2.1 W=125 pl=2 C3:pc=nan C5:lat=1.00 C6:pac=0.00] | gif7[dgn=0.983 lr×1.000] | trunk[budget=1.00 bpp=2.93e-08 erank=404.7 uni=4.01 α=0.66 R²=0.87 PR=6.2]
step  3320 | loss 6.4264 | lm 6.4266 | ppl 618.0 | gnorm 0.595 | lr 4.84e-04 | 3955 tok/s | Φ 0.632 | λ₁ 0.075 | ign 0.59 | mesoLG 0.51 | troph 8/8 μ8.68 | NT[DA=0.12 NE=0.19 5HT=0.51 ACh=0.20 eCB=0.09 Glu=0.39 GABA=0.30] | osc[δ=0.343 θ=0.273 γ=0.384] | em[C2:ρ=0.72/τ=1.00/s=0.59 C4:Q=-4.2 W=140 pl=1 C3:pc=nan C5:lat=1.00 C6:pac=0.00] | gif7[dgn=0.993 lr×1.000] | trunk[budget=1.00 bpp=3.25e-08 erank=392.6 uni=4.02 α=0.61 R²=0.88 PR=3.8]
step  3340 | loss 6.5295 | lm 6.5297 | ppl 685.2 | gnorm 1.673 | lr 4.83e-04 | 4002 tok/s | Φ 0.523 | λ₁ 0.075 | ign 0.59 | mesoLG 0.50 | troph 8/8 μ8.84 | NT[DA=0.28 NE=0.36 5HT=0.51 ACh=0.24 eCB=0.16 Glu=0.67 GABA=0.26] | osc[δ=0.352 θ=0.284 γ=0.364] | em[C2:ρ=0.58/τ=1.00/s=0.59 C4:Q=-2.4 W=92 pl=3 C3:pc=nan C5:lat=1.00 C6:pac=0.00] | gif7[dgn=0.948 lr×1.000] | trunk[budget=1.00 bpp=3.16e-08 erank=392.7 uni=4.15 α=0.71 R²=0.87 PR=6.0]
step  3360 | loss 6.7342 | lm 6.7344 | ppl 840.8 | gnorm 0.750 | lr 4.83e-04 | 3927 tok/s | Φ 0.554 | λ₁ 0.075 | ign 0.59 | mesoLG 0.50 | troph 8/8 μ9.03 | NT[DA=0.14 NE=0.11 5HT=0.49 ACh=0.27 eCB=0.12 Glu=0.52 GABA=0.15] | osc[δ=0.302 θ=0.304 γ=0.395] | em[C2:ρ=0.50/τ=1.00/s=0.59 C4:Q=-3.1 W=99 pl=2 C3:pc=nan C5:lat=1.00 C6:pac=0.01] | gif7[dgn=0.989 lr×1.000] | trunk[budget=1.00 bpp=3.32e-08 erank=404.3 uni=4.51 α=0.70 R²=0.86 PR=6.5]
step  3380 | loss 6.5592 | lm 6.5594 | ppl 705.8 | gnorm 1.108 | lr 4.82e-04 | 3960 tok/s | Φ 0.667 | λ₁ 0.075 | ign 0.59 | mesoLG 0.50 | troph 8/8 μ9.28 | NT[DA=0.25 NE=0.20 5HT=0.49 ACh=0.38 eCB=0.14 Glu=0.58 GABA=0.09] | osc[δ=0.361 θ=0.281 γ=0.358] | em[C2:ρ=0.31/τ=1.00/s=0.59 C4:Q=2.1 W=125 pl=2 C3:pc=nan C5:lat=1.00 C6:pac=0.01] | gif7[dgn=0.976 lr×1.000] | trunk[budget=1.00 bpp=3.90e-08 erank=416.5 uni=4.97 α=0.61 R²=0.89 PR=6.6]
step  3400 | loss 6.1780 | lm 6.1781 | ppl 482.1 | gnorm 0.923 | lr 4.81e-04 | 3958 tok/s | Φ 0.600 | λ₁ 0.075 | ign 0.60 | mesoLG 0.51 | troph 8/8 μ9.41 | NT[DA=0.18 NE=0.30 5HT=0.52 ACh=0.36 eCB=0.12 Glu=0.48 GABA=0.12] | osc[δ=0.354 θ=0.354 γ=0.292] | em[C2:ρ=0.45/τ=1.00/s=0.60 C4:Q=1.9 W=141 pl=1 C3:pc=nan C5:lat=1.00 C6:pac=0.01] | gif7[dgn=0.983 lr×1.000] | trunk[budget=1.00 bpp=3.49e-08 erank=401.7 uni=4.43 α=0.60 R²=0.85 PR=4.4]
step  3420 | loss 6.1444 | lm 6.1445 | ppl 466.2 | gnorm 0.816 | lr 4.80e-04 | 3997 tok/s | Φ 0.473 | λ₁ 0.075 | ign 0.59 | mesoLG 0.51 | troph 8/8 μ9.57 | NT[DA=0.30 NE=0.14 5HT=0.53 ACh=0.32 eCB=0.18 Glu=0.68 GABA=0.12] | osc[δ=0.358 θ=0.389 γ=0.253] | em[C2:ρ=0.47/τ=1.00/s=0.59 C4:Q=0.3 W=93 pl=3 C3:pc=nan C5:lat=1.00 C6:pac=0.01] | gif7[dgn=0.987 lr×1.000] | trunk[budget=1.00 bpp=3.60e-08 erank=399.1 uni=4.23 α=0.72 R²=0.87 PR=6.5]
step  3440 | loss 6.5483 | lm 6.5484 | ppl 698.2 | gnorm 0.808 | lr 4.80e-04 | 3987 tok/s | Φ 0.673 | λ₁ 0.075 | ign 0.60 | mesoLG 0.49 | troph 8/8 μ9.69 | NT[DA=0.07 NE=0.23 5HT=0.52 ACh=0.27 eCB=0.12 Glu=0.45 GABA=0.19] | osc[δ=0.388 θ=0.317 γ=0.294] | em[C2:ρ=0.58/τ=1.00/s=0.60 C4:Q=0.1 W=122 pl=2 C3:pc=nan C5:lat=1.00 C6:pac=0.01] | gif7[dgn=0.987 lr×1.000] | trunk[budget=1.00 bpp=2.74e-08 erank=395.7 uni=4.67 α=0.59 R²=0.88 PR=3.5]
step  3460 | loss 6.2319 | lm 6.2320 | ppl 508.8 | gnorm 0.695 | lr 4.79e-04 | 3982 tok/s | Φ 0.534 | λ₁ 0.075 | ign 0.62 | mesoLG 0.55 | troph 8/8 μ9.89 | NT[DA=0.40 NE=0.16 5HT=0.53 ACh=0.20 eCB=0.20 Glu=0.74 GABA=0.29] | osc[δ=0.449 θ=0.237 γ=0.314] | em[C2:ρ=0.66/τ=1.00/s=0.62 C4:Q=1.3 W=106 pl=2 C3:pc=nan C5:lat=1.00 C6:pac=0.02] | gif7[dgn=0.990 lr×1.000] | trunk[budget=1.00 bpp=4.39e-08 erank=401.5 uni=4.05 α=0.69 R²=0.88 PR=7.2]
step  3480 | loss 6.6702 | lm 6.6703 | ppl 788.6 | gnorm 0.814 | lr 4.78e-04 | 3780 tok/s | Φ 0.482 | λ₁ 0.075 | ign 0.60 | mesoLG 0.54 | troph 8/8 μ9.78 | NT[DA=0.27 NE=0.16 5HT=0.51 ACh=0.29 eCB=0.14 Glu=0.60 GABA=0.15] | osc[δ=0.422 θ=0.251 γ=0.327] | em[C2:ρ=0.50/τ=1.00/s=0.60 C4:Q=-1.3 W=72 pl=5 C3:pc=nan C5:lat=1.00 C6:pac=0.02] | gif7[dgn=0.987 lr×1.000] | trunk[budget=1.00 bpp=3.21e-08 erank=399.2 uni=4.79 α=0.67 R²=0.89 PR=5.7]
[train_dsl] heatmap step 3500: heatmaps/topology-100m/rcc_bowtie_30m_p4.json (max=0.12, hottest=language_model.lm_head)
[train_dsl] heatmap pushed → master
step  3500 | loss 6.6311 | lm 6.6312 | ppl 758.4 | gnorm 0.693 | lr 4.77e-04 | 2540 tok/s | Φ 0.624 | λ₁ 0.075 | ign 0.62 | mesoLG 0.48 | troph 8/8 μ9.91 | NT[DA=0.07 NE=0.15 5HT=0.50 ACh=0.24 eCB=0.08 Glu=0.35 GABA=0.21] | osc[δ=0.439 θ=0.220 γ=0.341] | em[C2:ρ=0.62/τ=1.00/s=0.62 C4:Q=-5.5 W=113 pl=2 C3:pc=nan C5:lat=1.00 C6:pac=0.02] | gif7[dgn=0.991 lr×1.000] | trunk[budget=1.00 bpp=2.65e-08 erank=417.4 uni=3.98 α=0.59 R²=0.89 PR=5.6]
[mid-ood] step 3500: eval-v2 snapshot...
[eval-v2] corpus 'pg19' failed (skipping): RuntimeError: Dataset scripts are no longer supported, but found pg19.py
[mid-ood] step 3500: wikitext ppl=3792.1 gap_ratio=5.00 (train_ppl=758.4) traindist ppl=1517.3 gap_v2=2.50 (50 seq, 6430 tok)
step  3520 | loss 5.9850 | lm 5.9852 | ppl 397.5 | gnorm 0.736 | lr 4.76e-04 | 2638 tok/s | Φ 0.606 | λ₁ 0.075 | ign 0.60 | mesoLG 0.50 | troph 8/8 μ9.84 | NT[DA=0.27 NE=0.17 5HT=0.53 ACh=0.29 eCB=0.15 Glu=0.58 GABA=0.15] | osc[δ=0.416 θ=0.237 γ=0.347] | em[C2:ρ=0.47/τ=1.00/s=0.60 C4:Q=-3.2 W=103 pl=2 C3:pc=nan C5:lat=1.00 C6:pac=0.01] | gif7[dgn=0.989 lr×1.000] | trunk[budget=1.00 bpp=4.11e-08 erank=412.3 uni=4.22 α=0.64 R²=0.85 PR=5.8]
step  3540 | loss 6.1686 | lm 6.1688 | ppl 477.6 | gnorm 0.952 | lr 4.75e-04 | 3615 tok/s | Φ 0.626 | λ₁ 0.075 | ign 0.60 | mesoLG 0.51 | troph 8/8 μ9.68 | NT[DA=0.12 NE=0.20 5HT=0.54 ACh=0.34 eCB=0.14 Glu=0.49 GABA=0.11] | osc[δ=0.443 θ=0.310 γ=0.248] | em[C2:ρ=0.50/τ=1.00/s=0.60 C4:Q=-4.4 W=133 pl=1 C3:pc=nan C5:lat=1.00 C6:pac=0.02] | gif7[dgn=0.982 lr×1.000] | trunk[budget=1.00 bpp=2.70e-08 erank=405.7 uni=4.57 α=0.61 R²=0.89 PR=5.0]
step  3560 | loss 6.0694 | lm 6.0695 | ppl 432.5 | gnorm 0.742 | lr 4.75e-04 | 3538 tok/s | Φ 0.621 | λ₁ 0.075 | ign 0.60 | mesoLG 0.48 | troph 8/8 μ9.58 | NT[DA=0.08 NE=0.07 5HT=0.55 ACh=0.36 eCB=0.12 Glu=0.39 GABA=0.07] | osc[δ=0.475 θ=0.300 γ=0.225] | em[C2:ρ=0.36/τ=1.00/s=0.60 C4:Q=1.5 W=116 pl=2 C3:pc=nan C5:lat=1.00 C6:pac=0.02] | gif7[dgn=0.989 lr×1.000] | trunk[budget=1.00 bpp=2.65e-08 erank=415.6 uni=3.87 α=0.64 R²=0.92 PR=6.9]
step  3580 | loss 6.3155 | lm 6.3156 | ppl 553.1 | gnorm 2.217 | lr 4.74e-04 | 3580 tok/s | Φ 0.494 | λ₁ 0.075 | ign 0.61 | mesoLG 0.48 | troph 8/8 μ9.54 | NT[DA=0.27 NE=0.71 5HT=0.54 ACh=0.50 eCB=0.14 Glu=0.62 GABA=0.07] | osc[δ=0.481 θ=0.320 γ=0.199] | em[C2:ρ=0.25/τ=1.00/s=0.61 C4:Q=-3.9 W=95 pl=2 C3:pc=nan C5:lat=1.00 C6:pac=0.02] | gif7[dgn=0.914 lr×1.000] | trunk[budget=1.00 bpp=3.28e-08 erank=398.2 uni=5.21 α=0.68 R²=0.87 PR=5.3]
step  3600 | loss 6.2405 | lm 6.2406 | ppl 513.2 | gnorm 1.618 | lr 4.73e-04 | 3531 tok/s | Φ 0.673 | λ₁ 0.075 | ign 0.66 | mesoLG 0.49 | troph 8/8 μ9.88 | NT[DA=0.13 NE=0.42 5HT=0.54 ACh=0.32 eCB=0.15 Glu=0.54 GABA=0.17] | osc[δ=0.490 θ=0.266 γ=0.244] | em[C2:ρ=0.48/τ=1.00/s=0.66 C4:Q=-1.4 W=116 pl=2 C3:pc=nan C5:lat=1.00 C6:pac=0.01] | gif7[dgn=0.951 lr×1.000] | trunk[budget=1.00 bpp=3.02e-08 erank=420.6 uni=5.45 α=0.61 R²=0.86 PR=6.1]
step  3620 | loss 6.1842 | lm 6.1844 | ppl 485.1 | gnorm 0.600 | lr 4.72e-04 | 3567 tok/s | Φ 0.543 | λ₁ 0.075 | ign 0.70 | mesoLG 0.53 | troph 8/8 μ9.85 | NT[DA=0.30 NE=0.11 5HT=0.54 ACh=0.21 eCB=0.18 Glu=0.65 GABA=0.23] | osc[δ=0.446 θ=0.284 γ=0.270] | em[C2:ρ=0.62/τ=1.00/s=0.70 C4:Q=-3.1 W=76 pl=5 C3:pc=nan C5:lat=1.00 C6:pac=0.02] | gif7[dgn=0.993 lr×1.000] | trunk[budget=1.00 bpp=3.51e-08 erank=402.1 uni=3.80 α=0.70 R²=0.89 PR=6.8]
step  3640 | loss 6.5389 | lm 6.5391 | ppl 691.6 | gnorm 0.792 | lr 4.71e-04 | 3547 tok/s | Φ 0.566 | λ₁ 0.075 | ign 0.69 | mesoLG 0.52 | troph 8/8 μ9.40 | NT[DA=0.12 NE=0.14 5HT=0.53 ACh=0.19 eCB=0.08 Glu=0.35 GABA=0.29] | osc[δ=0.403 θ=0.295 γ=0.302] | em[C2:ρ=0.67/τ=1.00/s=0.69 C4:Q=-1.5 W=123 pl=2 C3:pc=nan C5:lat=1.00 C6:pac=0.02] | gif7[dgn=0.988 lr×1.000] | trunk[budget=1.00 bpp=3.12e-08 erank=411.0 uni=4.16 α=0.69 R²=0.89 PR=7.7]
step  3660 | loss 6.5374 | lm 6.5375 | ppl 690.6 | gnorm 0.929 | lr 4.70e-04 | 3574 tok/s | Φ 0.650 | λ₁ 0.075 | ign 0.68 | mesoLG 0.47 | troph 8/8 μ9.31 | NT[DA=0.14 NE=0.15 5HT=0.51 ACh=0.29 eCB=0.08 Glu=0.37 GABA=0.14] | osc[δ=0.377 θ=0.308 γ=0.314] | em[C2:ρ=0.44/τ=1.00/s=0.68 C4:Q=-7.6 W=129 pl=1 C3:pc=nan C5:lat=1.00 C6:pac=0.01] | gif7[dgn=0.983 lr×1.000] | trunk[budget=1.00 bpp=3.25e-08 erank=412.2 uni=3.90 α=0.63 R²=0.91 PR=5.3]
step  3680 | loss 6.5858 | lm 6.5859 | ppl 724.8 | gnorm 0.754 | lr 4.69e-04 | 3588 tok/s | Φ 0.621 | λ₁ 0.075 | ign 0.68 | mesoLG 0.48 | troph 8/8 μ9.27 | NT[DA=0.10 NE=0.13 5HT=0.50 ACh=0.47 eCB=0.06 Glu=0.32 GABA=0.05] | osc[δ=0.421 θ=0.269 γ=0.311] | em[C2:ρ=0.22/τ=1.00/s=0.68 C4:Q=-1.8 W=104 pl=2 C3:pc=nan C5:lat=1.00 C6:pac=0.03] | gif7[dgn=0.989 lr×1.000] | trunk[budget=1.00 bpp=2.86e-08 erank=412.1 uni=4.26 α=0.61 R²=0.91 PR=4.5]
step  3700 | loss 6.6827 | lm 6.6828 | ppl 798.6 | gnorm 0.816 | lr 4.68e-04 | 3635 tok/s | Φ 0.676 | λ₁ 0.075 | ign 0.68 | mesoLG 0.49 | troph 8/8 μ9.24 | NT[DA=0.07 NE=0.13 5HT=0.48 ACh=0.49 eCB=0.07 Glu=0.33 GABA=0.04] | osc[δ=0.338 θ=0.283 γ=0.379] | em[C2:ρ=0.20/τ=1.00/s=0.68 C4:Q=-0.6 W=129 pl=1 C3:pc=nan C5:lat=1.00 C6:pac=0.03] | gif7[dgn=0.987 lr×1.000] | trunk[budget=1.00 bpp=2.61e-08 erank=417.5 uni=3.97 α=0.62 R²=0.92 PR=6.5]
step  3720 | loss 6.5530 | lm 6.5531 | ppl 701.4 | gnorm 0.781 | lr 4.67e-04 | 3545 tok/s | Φ 0.641 | λ₁ 0.075 | ign 0.68 | mesoLG 0.51 | troph 8/8 μ9.31 | NT[DA=0.12 NE=0.14 5HT=0.48 ACh=0.50 eCB=0.07 Glu=0.34 GABA=0.04] | osc[δ=0.351 θ=0.284 γ=0.365] | em[C2:ρ=0.19/τ=1.00/s=0.68 C4:Q=-7.7 W=120 pl=2 C3:pc=nan C5:lat=1.00 C6:pac=0.03] | gif7[dgn=0.988 lr×1.000] | trunk[budget=1.00 bpp=2.88e-08 erank=424.6 uni=4.21 α=0.62 R²=0.92 PR=6.6]
step  3740 | loss 6.5655 | lm 6.5656 | ppl 710.3 | gnorm 0.731 | lr 4.66e-04 | 3566 tok/s | Φ 0.635 | λ₁ 0.075 | ign 0.67 | mesoLG 0.50 | troph 8/8 μ9.41 | NT[DA=0.10 NE=0.12 5HT=0.48 ACh=0.45 eCB=0.08 Glu=0.37 GABA=0.05] | osc[δ=0.366 θ=0.313 γ=0.320] | em[C2:ρ=0.19/τ=1.00/s=0.67 C4:Q=2.4 W=111 pl=2 C3:pc=nan C5:lat=1.00 C6:pac=0.03] | gif7[dgn=0.989 lr×1.000] | trunk[budget=1.00 bpp=3.02e-08 erank=423.6 uni=3.49 α=0.63 R²=0.88 PR=7.0]
step  3760 | loss 6.3155 | lm 6.3156 | ppl 553.1 | gnorm 0.603 | lr 4.65e-04 | 3534 tok/s | Φ 0.557 | λ₁ 0.075 | ign 0.65 | mesoLG 0.53 | troph 8/8 μ9.65 | NT[DA=0.19 NE=0.09 5HT=0.49 ACh=0.41 eCB=0.12 Glu=0.51 GABA=0.06] | osc[δ=0.475 θ=0.282 γ=0.244] | em[C2:ρ=0.23/τ=1.00/s=0.65 C4:Q=-5.3 W=94 pl=5 C3:pc=nan C5:lat=1.00 C6:pac=0.03] | gif7[dgn=0.993 lr×1.000] | trunk[budget=1.00 bpp=3.28e-08 erank=404.6 uni=3.49 α=0.72 R²=0.93 PR=8.0]
step  3780 | loss 6.3811 | lm 6.3812 | ppl 590.7 | gnorm 0.512 | lr 4.64e-04 | 3585 tok/s | Φ 0.580 | λ₁ 0.075 | ign 0.65 | mesoLG 0.52 | troph 8/8 μ9.83 | NT[DA=0.15 NE=0.08 5HT=0.49 ACh=0.42 eCB=0.11 Glu=0.48 GABA=0.05] | osc[δ=0.402 θ=0.346 γ=0.252] | em[C2:ρ=0.20/τ=1.00/s=0.65 C4:Q=-2.6 W=86 pl=5 C3:pc=nan C5:lat=1.00 C6:pac=0.03] | gif7[dgn=0.995 lr×1.000] | trunk[budget=1.00 bpp=2.68e-08 erank=412.4 uni=3.47 α=0.67 R²=0.91 PR=7.6]
step  3800 | loss 6.6061 | lm 6.6063 | ppl 739.7 | gnorm 0.533 | lr 4.63e-04 | 3866 tok/s | Φ 0.678 | λ₁ 0.075 | ign 0.65 | mesoLG 0.50 | troph 8/8 μ9.90 | NT[DA=0.08 NE=0.08 5HT=0.48 ACh=0.47 eCB=0.10 Glu=0.43 GABA=0.04] | osc[δ=0.367 θ=0.387 γ=0.246] | em[C2:ρ=0.09/τ=0.99/s=0.65 C4:Q=1.4 W=98 pl=2 C3:pc=nan C5:lat=1.00 C6:pac=0.03] | gif7[dgn=0.994 lr×1.000] | trunk[budget=1.00 bpp=2.86e-08 erank=424.3 uni=3.40 α=0.57 R²=0.90 PR=5.3]
step  3820 | loss 6.1295 | lm 6.1297 | ppl 459.3 | gnorm 0.679 | lr 4.62e-04 | 3949 tok/s | Φ 0.609 | λ₁ 0.075 | ign 0.61 | mesoLG 0.53 | troph 8/8 μ9.80 | NT[DA=0.23 NE=0.13 5HT=0.50 ACh=0.42 eCB=0.13 Glu=0.51 GABA=0.06] | osc[δ=0.344 θ=0.320 γ=0.335] | em[C2:ρ=0.20/τ=0.97/s=0.61 C4:Q=-0.5 W=89 pl=7 C3:pc=nan C5:lat=1.00 C6:pac=0.03] | gif7[dgn=0.991 lr×1.000] | trunk[budget=1.00 bpp=3.19e-08 erank=414.5 uni=3.75 α=0.65 R²=0.92 PR=7.4]
step  3840 | loss 5.8405 | lm 5.8406 | ppl 344.0 | gnorm 0.597 | lr 4.61e-04 | 3865 tok/s | Φ 0.626 | λ₁ 0.075 | ign 0.55 | mesoLG 0.50 | troph 8/8 μ9.87 | NT[DA=0.22 NE=0.13 5HT=0.53 ACh=0.25 eCB=0.20 Glu=0.64 GABA=0.19] | osc[δ=0.402 θ=0.279 γ=0.319] | em[C2:ρ=0.50/τ=1.00/s=0.55 C4:Q=-5.5 W=108 pl=2 C3:pc=nan C5:lat=1.00 C6:pac=0.02] | gif7[dgn=0.993 lr×1.000] | trunk[budget=1.00 bpp=3.90e-08 erank=405.3 uni=4.10 α=0.65 R²=0.92 PR=5.5]
step  3860 | loss 6.7374 | lm 6.7375 | ppl 843.4 | gnorm 0.861 | lr 4.60e-04 | 3942 tok/s | Φ 0.635 | λ₁ 0.075 | ign 0.55 | mesoLG 0.49 | troph 8/8 μ10.03 | NT[DA=0.08 NE=0.20 5HT=0.51 ACh=0.21 eCB=0.09 Glu=0.39 GABA=0.27] | osc[δ=0.413 θ=0.229 γ=0.358] | em[C2:ρ=0.55/τ=1.00/s=0.55 C4:Q=-3.4 W=119 pl=2 C3:pc=nan C5:lat=1.00 C6:pac=0.02] | gif7[dgn=0.985 lr×1.000] | trunk[budget=1.00 bpp=3.14e-08 erank=407.8 uni=4.48 α=0.62 R²=0.87 PR=4.9]
step  3880 | loss 6.0374 | lm 6.0375 | ppl 418.8 | gnorm 1.382 | lr 4.59e-04 | 3892 tok/s | Φ 0.540 | λ₁ 0.075 | ign 0.56 | mesoLG 0.53 | troph 8/8 μ9.88 | NT[DA=0.36 NE=0.29 5HT=0.53 ACh=0.18 eCB=0.18 Glu=0.69 GABA=0.36] | osc[δ=0.416 θ=0.226 γ=0.358] | em[C2:ρ=0.58/τ=1.00/s=0.56 C4:Q=-0.1 W=105 pl=3 C3:pc=nan C5:lat=1.00 C6:pac=0.02] | gif7[dgn=0.964 lr×1.000] | trunk[budget=1.00 bpp=3.83e-08 erank=398.3 uni=4.81 α=0.73 R²=0.92 PR=7.4]
step  3900 | loss 6.2663 | lm 6.2664 | ppl 526.6 | gnorm 1.084 | lr 4.58e-04 | 3940 tok/s | Φ 0.557 | λ₁ 0.075 | ign 0.64 | mesoLG 0.50 | troph 8/8 μ9.94 | NT[DA=0.34 NE=0.36 5HT=0.53 ACh=0.20 eCB=0.16 Glu=0.64 GABA=0.34] | osc[δ=0.423 θ=0.214 γ=0.363] | em[C2:ρ=0.58/τ=1.00/s=0.64 C4:Q=-6.4 W=114 pl=2 C3:pc=nan C5:lat=1.00 C6:pac=0.02] | gif7[dgn=0.977 lr×1.000] | trunk[budget=1.00 bpp=4.79e-08 erank=418.6 uni=4.65 α=0.66 R²=0.90 PR=6.9]
step  3920 | loss 6.0827 | lm 6.0828 | ppl 438.3 | gnorm 0.668 | lr 4.57e-04 | 3911 tok/s | Φ 0.635 | λ₁ 0.075 | ign 0.67 | mesoLG 0.45 | troph 8/8 μ9.73 | NT[DA=0.15 NE=0.12 5HT=0.54 ACh=0.16 eCB=0.11 Glu=0.44 GABA=0.36] | osc[δ=0.482 θ=0.242 γ=0.276] | em[C2:ρ=0.77/τ=1.00/s=0.67 C4:Q=-6.6 W=137 pl=1 C3:pc=nan C5:lat=1.00 C6:pac=0.02] | gif7[dgn=0.991 lr×1.000] | trunk[budget=1.00 bpp=3.02e-08 erank=411.1 uni=4.38 α=0.64 R²=0.91 PR=6.1]
step  3940 | loss 6.0858 | lm 6.0859 | ppl 439.6 | gnorm 1.323 | lr 4.56e-04 | 3926 tok/s | Φ 0.632 | λ₁ 0.075 | ign 0.68 | mesoLG 0.48 | troph 8/8 μ9.58 | NT[DA=0.17 NE=0.48 5HT=0.54 ACh=0.21 eCB=0.09 Glu=0.39 GABA=0.34] | osc[δ=0.508 θ=0.240 γ=0.251] | em[C2:ρ=0.62/τ=1.00/s=0.68 C4:Q=-5.5 W=136 pl=1 C3:pc=nan C5:lat=1.00 C6:pac=0.02] | gif7[dgn=0.967 lr×1.000] | trunk[budget=1.00 bpp=3.81e-08 erank=415.9 uni=4.34 α=0.66 R²=0.92 PR=7.3]
step  3960 | loss 6.4061 | lm 6.4062 | ppl 605.6 | gnorm 0.751 | lr 4.55e-04 | 3892 tok/s | Φ 0.569 | λ₁ 0.075 | ign 0.71 | mesoLG 0.49 | troph 8/8 μ9.65 | NT[DA=0.07 NE=0.16 5HT=0.53 ACh=0.21 eCB=0.09 Glu=0.36 GABA=0.27] | osc[δ=0.503 θ=0.241 γ=0.256] | em[C2:ρ=0.64/τ=1.00/s=0.71 C4:Q=-7.2 W=126 pl=2 C3:pc=nan C5:lat=1.00 C6:pac=0.03] | gif7[dgn=0.989 lr×1.000] | trunk[budget=1.00 bpp=3.07e-08 erank=408.1 uni=4.17 α=0.62 R²=0.88 PR=4.4]
step  3980 | loss 6.5405 | lm 6.5406 | ppl 692.7 | gnorm 1.126 | lr 4.54e-04 | 3945 tok/s | Φ 0.641 | λ₁ 0.075 | ign 0.71 | mesoLG 0.49 | troph 8/8 μ9.57 | NT[DA=0.08 NE=0.48 5HT=0.51 ACh=0.24 eCB=0.07 Glu=0.33 GABA=0.31] | osc[δ=0.499 θ=0.247 γ=0.254] | em[C2:ρ=0.61/τ=1.00/s=0.71 C4:Q=-4.0 W=128 pl=1 C3:pc=nan C5:lat=1.00 C6:pac=0.02] | gif7[dgn=0.976 lr×1.000] | trunk[budget=1.00 bpp=3.02e-08 erank=406.2 uni=4.57 α=0.62 R²=0.90 PR=4.5]
[train_dsl] heatmap step 4000: heatmaps/topology-100m/rcc_bowtie_30m_p4.json (max=0.12, hottest=language_model.lm_head)
[train_dsl] heatmap pushed → master
step  4000 | loss 6.2600 | lm 6.2602 | ppl 523.3 | gnorm 0.968 | lr 4.53e-04 | 2833 tok/s | Φ 0.598 | λ₁ 0.075 | ign 0.70 | mesoLG 0.49 | troph 8/8 μ9.54 | NT[DA=0.09 NE=0.17 5HT=0.51 ACh=0.16 eCB=0.08 Glu=0.39 GABA=0.38] | osc[δ=0.459 θ=0.253 γ=0.288] | em[C2:ρ=0.88/τ=1.00/s=0.70 C4:Q=-5.1 W=130 pl=1 C3:pc=nan C5:lat=1.00 C6:pac=0.02] | gif7[dgn=0.982 lr×1.000] | trunk[budget=1.00 bpp=2.95e-08 erank=409.9 uni=4.45 α=0.63 R²=0.88 PR=5.2]
[train_dsl] saved checkpoint /workspace/brian/lfs_checkpoints/20260810-212635_bd1e8dd9_run/step4000.pt
[mid-ood] step 4000: eval-v2 snapshot...
[eval-v2] corpus 'pg19' failed (skipping): RuntimeError: Dataset scripts are no longer supported, but found pg19.py
[mid-ood] step 4000: wikitext ppl=3644.6 gap_ratio=6.96 (train_ppl=523.3) traindist ppl=1452.3 gap_v2=2.51 (50 seq, 6430 tok)
step  4020 | loss 6.3624 | lm 6.3625 | ppl 579.7 | gnorm 0.756 | lr 4.51e-04 | 1897 tok/s | Φ 0.586 | λ₁ 0.075 | ign 0.67 | mesoLG 0.53 | troph 8/8 μ9.53 | NT[DA=0.17 NE=0.17 5HT=0.51 ACh=0.17 eCB=0.09 Glu=0.43 GABA=0.36] | osc[δ=0.421 θ=0.268 γ=0.311] | em[C2:ρ=0.84/τ=1.00/s=0.67 C4:Q=0.9 W=97 pl=5 C3:pc=nan C5:lat=1.00 C6:pac=0.02] | gif7[dgn=0.989 lr×1.000] | trunk[budget=1.00 bpp=2.86e-08 erank=409.6 uni=4.17 α=0.72 R²=0.91 PR=9.9]
step  4040 | loss 6.1452 | lm 6.1453 | ppl 466.5 | gnorm 1.175 | lr 4.50e-04 | 3531 tok/s | Φ 0.362 | λ₁ 0.075 | ign 0.68 | mesoLG 0.60 | troph 8/8 μ9.77 | NT[DA=0.40 NE=0.18 5HT=0.52 ACh=0.19 eCB=0.15 Glu=0.66 GABA=0.31] | osc[δ=0.395 θ=0.304 γ=0.301] | em[C2:ρ=0.81/τ=1.00/s=0.68 C4:Q=-4.5 W=54 pl=7 C3:pc=nan C5:lat=1.00 C6:pac=0.02] | gif7[dgn=0.973 lr×1.000] | trunk[budget=1.00 bpp=4.51e-08 erank=391.5 uni=5.01 α=0.70 R²=0.87 PR=4.7]
step  4060 | loss 5.9717 | lm 5.9719 | ppl 392.2 | gnorm 0.777 | lr 4.49e-04 | 3571 tok/s | Φ 0.609 | λ₁ 0.075 | ign 0.66 | mesoLG 0.53 | troph 8/8 μ9.74 | NT[DA=0.15 NE=0.17 5HT=0.53 ACh=0.21 eCB=0.12 Glu=0.46 GABA=0.27] | osc[δ=0.503 θ=0.277 γ=0.220] | em[C2:ρ=0.81/τ=1.00/s=0.66 C4:Q=-5.5 W=103 pl=2 C3:pc=nan C5:lat=1.00 C6:pac=0.03] | gif7[dgn=0.988 lr×1.000] | trunk[budget=1.00 bpp=2.98e-08 erank=424.1 uni=4.21 α=0.65 R²=0.93 PR=8.7]
step  4080 | loss 5.8124 | lm 5.8125 | ppl 334.5 | gnorm 0.850 | lr 4.48e-04 | 3523 tok/s | Φ 0.554 | λ₁ 0.075 | ign 0.64 | mesoLG 0.48 | troph 8/8 μ9.70 | NT[DA=0.39 NE=0.27 5HT=0.55 ACh=0.23 eCB=0.15 Glu=0.62 GABA=0.25] | osc[δ=0.505 θ=0.275 γ=0.220] | em[C2:ρ=0.75/τ=1.00/s=0.64 C4:Q=-4.1 W=118 pl=2 C3:pc=nan C5:lat=1.00 C6:pac=0.02] | gif7[dgn=0.986 lr×1.000] | trunk[budget=1.00 bpp=4.25e-08 erank=405.2 uni=4.63 α=0.72 R²=0.93 PR=9.0]
step  4100 | loss 6.3280 | lm 6.3281 | ppl 560.1 | gnorm 1.179 | lr 4.47e-04 | 3639 tok/s | Φ 0.606 | λ₁ 0.075 | ign 0.64 | mesoLG 0.45 | troph 8/8 μ9.67 | NT[DA=0.12 NE=0.39 5HT=0.54 ACh=0.25 eCB=0.10 Glu=0.42 GABA=0.25] | osc[δ=0.480 θ=0.305 γ=0.214] | em[C2:ρ=0.72/τ=1.00/s=0.64 C4:Q=-2.4 W=121 pl=2 C3:pc=nan C5:lat=1.00 C6:pac=0.02] | gif7[dgn=0.973 lr×1.000] | trunk[budget=1.00 bpp=3.51e-08 erank=419.0 uni=4.05 α=0.64 R²=0.90 PR=7.0]
step  4120 | loss 6.2358 | lm 6.2359 | ppl 510.8 | gnorm 0.586 | lr 4.45e-04 | 3551 tok/s | Φ 0.563 | λ₁ 0.075 | ign 0.65 | mesoLG 0.53 | troph 8/8 μ9.71 | NT[DA=0.18 NE=0.11 5HT=0.53 ACh=0.28 eCB=0.12 Glu=0.52 GABA=0.15] | osc[δ=0.375 θ=0.356 γ=0.269] | em[C2:ρ=0.61/τ=1.00/s=0.65 C4:Q=-3.0 W=87 pl=4 C3:pc=nan C5:lat=1.00 C6:pac=0.02] | gif7[dgn=0.993 lr×1.000] | trunk[budget=1.00 bpp=3.21e-08 erank=413.5 uni=4.35 α=0.71 R²=0.94 PR=9.1]
step  4140 | loss 6.3077 | lm 6.3078 | ppl 548.8 | gnorm 0.674 | lr 4.44e-04 | 3521 tok/s | Φ 0.678 | λ₁ 0.075 | ign 0.65 | mesoLG 0.49 | troph 8/8 μ9.70 | NT[DA=0.10 NE=0.10 5HT=0.52 ACh=0.38 eCB=0.08 Glu=0.34 GABA=0.07] | osc[δ=0.316 θ=0.332 γ=0.352] | em[C2:ρ=0.42/τ=1.00/s=0.65 C4:Q=-3.9 W=116 pl=2 C3:pc=nan C5:lat=1.00 C6:pac=0.02] | gif7[dgn=0.991 lr×1.000] | trunk[budget=1.00 bpp=2.88e-08 erank=421.4 uni=3.93 α=0.63 R²=0.92 PR=7.3]
step  4160 | loss 6.1936 | lm 6.1937 | ppl 489.7 | gnorm 0.874 | lr 4.43e-04 | 3707 tok/s | Φ 0.577 | λ₁ 0.075 | ign 0.65 | mesoLG 0.51 | troph 8/8 μ9.49 | NT[DA=0.16 NE=0.11 5HT=0.52 ACh=0.49 eCB=0.07 Glu=0.34 GABA=0.04] | osc[δ=0.349 θ=0.319 γ=0.331] | em[C2:ρ=0.23/τ=1.00/s=0.65 C4:Q=-6.8 W=142 pl=1 C3:pc=nan C5:lat=1.00 C6:pac=0.01] | gif7[dgn=0.985 lr×1.000] | trunk[budget=1.00 bpp=3.63e-08 erank=411.4 uni=4.06 α=0.67 R²=0.94 PR=6.5]
step  4180 | loss 6.0874 | lm 6.0875 | ppl 440.3 | gnorm 0.684 | lr 4.42e-04 | 3549 tok/s | Φ 0.583 | λ₁ 0.075 | ign 0.63 | mesoLG 0.52 | troph 8/8 μ9.42 | NT[DA=0.28 NE=0.11 5HT=0.53 ACh=0.51 eCB=0.09 Glu=0.46 GABA=0.03] | osc[δ=0.376 θ=0.321 γ=0.302] | em[C2:ρ=0.12/τ=0.99/s=0.63 C4:Q=-2.2 W=69 pl=8 C3:pc=nan C5:lat=1.00 C6:pac=0.01] | gif7[dgn=0.991 lr×1.000] | trunk[budget=1.00 bpp=3.86e-08 erank=409.9 uni=4.56 α=0.72 R²=0.93 PR=8.7]
step  4200 | loss 6.1436 | lm 6.1437 | ppl 465.8 | gnorm 0.938 | lr 4.41e-04 | 3597 tok/s | Φ 0.638 | λ₁ 0.075 | ign 0.60 | mesoLG 0.52 | troph 8/8 μ9.52 | NT[DA=0.14 NE=0.22 5HT=0.53 ACh=0.43 eCB=0.12 Glu=0.50 GABA=0.07] | osc[δ=0.400 θ=0.359 γ=0.241] | em[C2:ρ=0.30/τ=0.99/s=0.60 C4:Q=-3.9 W=115 pl=2 C3:pc=nan C5:lat=1.00 C6:pac=0.02] | gif7[dgn=0.983 lr×1.000] | trunk[budget=1.00 bpp=3.14e-08 erank=415.6 uni=4.71 α=0.65 R²=0.92 PR=6.7]
step  4220 | loss 6.3295 | lm 6.3297 | ppl 561.0 | gnorm 0.559 | lr 4.39e-04 | 3549 tok/s | Φ 0.580 | λ₁ 0.075 | ign 0.61 | mesoLG 0.55 | troph 8/8 μ9.69 | NT[DA=0.14 NE=0.08 5HT=0.52 ACh=0.31 eCB=0.11 Glu=0.47 GABA=0.11] | osc[δ=0.403 θ=0.355 γ=0.242] | em[C2:ρ=0.53/τ=1.00/s=0.61 C4:Q=-5.4 W=128 pl=2 C3:pc=nan C5:lat=1.00 C6:pac=0.02] | gif7[dgn=0.994 lr×1.000] | trunk[budget=1.00 bpp=4.00e-08 erank=406.7 uni=3.45 α=0.67 R²=0.92 PR=5.8]
step  4240 | loss 6.1217 | lm 6.1219 | ppl 455.7 | gnorm 0.664 | lr 4.38e-04 | 3596 tok/s | Φ 0.650 | λ₁ 0.075 | ign 0.61 | mesoLG 0.49 | troph 8/8 μ9.82 | NT[DA=0.11 NE=0.11 5HT=0.52 ACh=0.33 eCB=0.12 Glu=0.48 GABA=0.10] | osc[δ=0.436 θ=0.303 γ=0.261] | em[C2:ρ=0.41/τ=1.00/s=0.61 C4:Q=0.2 W=120 pl=2 C3:pc=nan C5:lat=1.00 C6:pac=0.01] | gif7[dgn=0.991 lr×1.000] | trunk[budget=1.00 bpp=3.16e-08 erank=414.1 uni=3.86 α=0.61 R²=0.93 PR=5.1]
step  4260 | loss 6.2381 | lm 6.2383 | ppl 512.0 | gnorm 0.600 | lr 4.37e-04 | 3638 tok/s | Φ 0.459 | λ₁ 0.075 | ign 0.61 | mesoLG 0.52 | troph 8/8 μ9.82 | NT[DA=0.18 NE=0.08 5HT=0.51 ACh=0.36 eCB=0.10 Glu=0.46 GABA=0.07] | osc[δ=0.484 θ=0.305 γ=0.212] | em[C2:ρ=0.33/τ=1.00/s=0.61 C4:Q=1.2 W=55 pl=7 C3:pc=nan C5:lat=1.00 C6:pac=0.01] | gif7[dgn=0.993 lr×1.000] | trunk[budget=1.00 bpp=2.74e-08 erank=398.5 uni=3.89 α=0.74 R²=0.90 PR=7.3]
step  4280 | loss 6.3499 | lm 6.3500 | ppl 572.5 | gnorm 0.681 | lr 4.35e-04 | 3511 tok/s | Φ 0.387 | λ₁ 0.075 | ign 0.61 | mesoLG 0.54 | troph 8/8 μ9.79 | NT[DA=0.33 NE=0.12 5HT=0.51 ACh=0.48 eCB=0.13 Glu=0.63 GABA=0.04] | osc[δ=0.390 θ=0.370 γ=0.240] | em[C2:ρ=0.06/τ=0.99/s=0.61 C4:Q=-0.2 W=47 pl=7 C3:pc=nan C5:lat=1.00 C6:pac=0.01] | gif7[dgn=0.991 lr×1.000] | trunk[budget=1.00 bpp=4.32e-08 erank=394.4 uni=4.08 α=0.72 R²=0.91 PR=5.2]
step  4300 | loss 6.3233 | lm 6.3234 | ppl 557.5 | gnorm 0.620 | lr 4.34e-04 | 3548 tok/s | Φ 0.595 | λ₁ 0.075 | ign 0.61 | mesoLG 0.51 | troph 8/8 μ9.88 | NT[DA=0.10 NE=0.12 5HT=0.50 ACh=0.40 eCB=0.10 Glu=0.43 GABA=0.07] | osc[δ=0.442 θ=0.314 γ=0.244] | em[C2:ρ=0.30/τ=0.98/s=0.61 C4:Q=5.7 W=130 pl=1 C3:pc=nan C5:lat=1.00 C6:pac=0.01] | gif7[dgn=0.992 lr×1.000] | trunk[budget=1.00 bpp=2.95e-08 erank=414.2 uni=4.27 α=0.67 R²=0.91 PR=7.3]
step  4320 | loss 5.9077 | lm 5.9078 | ppl 367.9 | gnorm 0.635 | lr 4.33e-04 | 3512 tok/s | Φ 0.485 | λ₁ 0.075 | ign 0.62 | mesoLG 0.51 | troph 8/8 μ9.89 | NT[DA=0.22 NE=0.39 5HT=0.52 ACh=0.29 eCB=0.14 Glu=0.57 GABA=0.20] | osc[δ=0.406 θ=0.337 γ=0.257] | em[C2:ρ=0.53/τ=1.00/s=0.62 C4:Q=0.3 W=58 pl=6 C3:pc=nan C5:lat=1.00 C6:pac=0.01] | gif7[dgn=0.992 lr×1.000] | trunk[budget=1.00 bpp=3.12e-08 erank=400.2 uni=4.36 α=0.73 R²=0.92 PR=6.7]
step  4340 | loss 6.4155 | lm 6.4156 | ppl 611.3 | gnorm 0.610 | lr 4.31e-04 | 3551 tok/s | Φ 0.618 | λ₁ 0.075 | ign 0.63 | mesoLG 0.45 | troph 8/8 μ9.97 | NT[DA=0.10 NE=0.09 5HT=0.50 ACh=0.22 eCB=0.09 Glu=0.39 GABA=0.21] | osc[δ=0.424 θ=0.294 γ=0.282] | em[C2:ρ=0.66/τ=1.00/s=0.63 C4:Q=-3.0 W=129 pl=1 C3:pc=nan C5:lat=1.00 C6:pac=0.00] | gif7[dgn=0.993 lr×1.000] | trunk[budget=1.00 bpp=3.12e-08 erank=409.6 uni=4.35 α=0.63 R²=0.91 PR=5.7]
step  4360 | loss 6.0780 | lm 6.0781 | ppl 436.2 | gnorm 0.703 | lr 4.30e-04 | 3525 tok/s | Φ 0.580 | λ₁ 0.075 | ign 0.62 | mesoLG 0.49 | troph 8/8 μ9.90 | NT[DA=0.14 NE=0.22 5HT=0.51 ACh=0.23 eCB=0.09 Glu=0.39 GABA=0.24] | osc[δ=0.356 θ=0.260 γ=0.384] | em[C2:ρ=0.61/τ=1.00/s=0.62 C4:Q=2.9 W=130 pl=1 C3:pc=nan C5:lat=1.00 C6:pac=0.00] | gif7[dgn=0.990 lr×1.000] | trunk[budget=1.00 bpp=3.35e-08 erank=414.3 uni=4.46 α=0.66 R²=0.93 PR=6.6]
step  4380 | loss 6.4670 | lm 6.4672 | ppl 643.7 | gnorm 0.660 | lr 4.29e-04 | 3537 tok/s | Φ 0.514 | λ₁ 0.075 | ign 0.61 | mesoLG 0.53 | troph 8/8 μ9.68 | NT[DA=0.20 NE=0.12 5HT=0.49 ACh=0.27 eCB=0.08 Glu=0.45 GABA=0.15] | osc[δ=0.364 θ=0.304 γ=0.333] | em[C2:ρ=0.47/τ=1.00/s=0.61 C4:Q=0.6 W=86 pl=4 C3:pc=nan C5:lat=1.00 C6:pac=0.01] | gif7[dgn=0.991 lr×1.000] | trunk[budget=1.00 bpp=3.67e-08 erank=404.2 uni=4.60 α=0.73 R²=0.92 PR=9.1]
step  4400 | loss 6.4389 | lm 6.4391 | ppl 625.8 | gnorm 0.619 | lr 4.27e-04 | 3529 tok/s | Φ 0.511 | λ₁ 0.075 | ign 0.63 | mesoLG 0.48 | troph 8/8 μ9.57 | NT[DA=0.18 NE=0.17 5HT=0.48 ACh=0.30 eCB=0.09 Glu=0.47 GABA=0.15] | osc[δ=0.361 θ=0.328 γ=0.311] | em[C2:ρ=0.53/τ=1.00/s=0.63 C4:Q=-0.2 W=92 pl=3 C3:pc=nan C5:lat=1.00 C6:pac=0.02] | gif7[dgn=0.992 lr×1.000] | trunk[budget=1.00 bpp=4.23e-08 erank=401.5 uni=4.30 α=0.72 R²=0.93 PR=7.4]
step  4420 | loss 5.5499 | lm 5.5500 | ppl 257.2 | gnorm 0.754 | lr 4.26e-04 | 3557 tok/s | Φ 0.629 | λ₁ 0.075 | ign 0.69 | mesoLG 0.48 | troph 8/8 μ9.74 | NT[DA=0.18 NE=0.35 5HT=0.52 ACh=0.23 eCB=0.17 Glu=0.57 GABA=0.30] | osc[δ=0.435 θ=0.281 γ=0.283] | em[C2:ρ=0.66/τ=1.00/s=0.69 C4:Q=-2.1 W=124 pl=2 C3:pc=nan C5:lat=1.00 C6:pac=0.02] | gif7[dgn=0.989 lr×1.000] | trunk[budget=1.00 bpp=2.86e-08 erank=414.5 uni=4.51 α=0.62 R²=0.93 PR=5.4]
step  4440 | loss 6.0069 | lm 6.0070 | ppl 406.3 | gnorm 0.903 | lr 4.25e-04 | 3515 tok/s | Φ 0.626 | λ₁ 0.075 | ign 0.66 | mesoLG 0.47 | troph 8/8 μ9.77 | NT[DA=0.09 NE=0.26 5HT=0.53 ACh=0.21 eCB=0.11 Glu=0.41 GABA=0.29] | osc[δ=0.433 θ=0.271 γ=0.296] | em[C2:ρ=0.73/τ=1.00/s=0.66 C4:Q=-3.4 W=149 pl=1 C3:pc=nan C5:lat=1.00 C6:pac=0.02] | gif7[dgn=0.984 lr×1.000] | trunk[budget=1.00 bpp=2.93e-08 erank=418.2 uni=4.10 α=0.64 R²=0.90 PR=6.6]
step  4460 | loss 6.2936 | lm 6.2938 | ppl 541.2 | gnorm 0.743 | lr 4.23e-04 | 3573 tok/s | Φ 0.595 | λ₁ 0.075 | ign 0.71 | mesoLG 0.46 | troph 8/8 μ9.61 | NT[DA=0.17 NE=0.24 5HT=0.52 ACh=0.16 eCB=0.10 Glu=0.46 GABA=0.41] | osc[δ=0.444 θ=0.275 γ=0.281] | em[C2:ρ=0.86/τ=1.00/s=0.71 C4:Q=-9.4 W=118 pl=2 C3:pc=nan C5:lat=1.00 C6:pac=0.02] | gif7[dgn=0.989 lr×1.000] | trunk[budget=1.00 bpp=3.74e-08 erank=420.8 uni=3.84 α=0.66 R²=0.91 PR=8.3]
step  4480 | loss 6.3717 | lm 6.3719 | ppl 585.2 | gnorm 0.755 | lr 4.22e-04 | 3563 tok/s | Φ 0.445 | λ₁ 0.075 | ign 0.69 | mesoLG 0.53 | troph 8/8 μ9.27 | NT[DA=0.17 NE=0.14 5HT=0.50 ACh=0.17 eCB=0.06 Glu=0.33 GABA=0.34] | osc[δ=0.479 θ=0.306 γ=0.215] | em[C2:ρ=0.86/τ=1.00/s=0.69 C4:Q=-4.0 W=89 pl=5 C3:pc=nan C5:lat=1.00 C6:pac=0.02] | gif7[dgn=0.989 lr×1.000] | trunk[budget=1.00 bpp=3.39e-08 erank=406.4 uni=3.83 α=0.73 R²=0.91 PR=7.4]
[train_dsl] heatmap step 4500: heatmaps/topology-100m/rcc_bowtie_30m_p4.json (max=0.12, hottest=language_model.lm_head)
[train_dsl] heatmap pushed → master
step  4500 | loss 6.5405 | lm 6.5406 | ppl 692.7 | gnorm 0.838 | lr 4.20e-04 | 2596 tok/s | Φ 0.569 | λ₁ 0.075 | ign 0.64 | mesoLG 0.51 | troph 8/8 μ9.14 | NT[DA=0.18 NE=0.32 5HT=0.49 ACh=0.20 eCB=0.07 Glu=0.42 GABA=0.33] | osc[δ=0.441 θ=0.348 γ=0.211] | em[C2:ρ=0.83/τ=1.00/s=0.64 C4:Q=-2.8 W=81 pl=4 C3:pc=nan C5:lat=1.00 C6:pac=0.02] | gif7[dgn=0.986 lr×1.000] | trunk[budget=1.00 bpp=3.67e-08 erank=411.1 uni=4.14 α=0.73 R²=0.94 PR=9.6]
[mid-ood] step 4500: eval-v2 snapshot...
[eval-v2] corpus 'pg19' failed (skipping): RuntimeError: Dataset scripts are no longer supported, but found pg19.py
[mid-ood] step 4500: wikitext ppl=3696.9 gap_ratio=5.34 (train_ppl=692.7) traindist ppl=1332.4 gap_v2=2.77 (50 seq, 6430 tok)
step  4520 | loss 6.4983 | lm 6.4984 | ppl 664.1 | gnorm 0.805 | lr 4.19e-04 | 2639 tok/s | Φ 0.684 | λ₁ 0.075 | ign 0.66 | mesoLG 0.48 | troph 8/8 μ9.30 | NT[DA=0.07 NE=0.27 5HT=0.47 ACh=0.21 eCB=0.06 Glu=0.30 GABA=0.30] | osc[δ=0.399 θ=0.342 γ=0.259] | em[C2:ρ=0.83/τ=1.00/s=0.66 C4:Q=1.2 W=111 pl=2 C3:pc=nan C5:lat=1.00 C6:pac=0.02] | gif7[dgn=0.987 lr×1.000] | trunk[budget=1.00 bpp=2.84e-08 erank=423.3 uni=4.75 α=0.64 R²=0.92 PR=6.6]
step  4540 | loss 6.4467 | lm 6.4469 | ppl 630.7 | gnorm 0.798 | lr 4.18e-04 | 3646 tok/s | Φ 0.595 | λ₁ 0.075 | ign 0.61 | mesoLG 0.47 | troph 8/8 μ9.61 | NT[DA=0.12 NE=0.21 5HT=0.47 ACh=0.22 eCB=0.10 Glu=0.48 GABA=0.26] | osc[δ=0.374 θ=0.340 γ=0.286] | em[C2:ρ=0.83/τ=1.00/s=0.61 C4:Q=-3.0 W=110 pl=2 C3:pc=nan C5:lat=1.00 C6:pac=0.02] | gif7[dgn=0.988 lr×1.000] | trunk[budget=1.00 bpp=3.74e-08 erank=412.8 uni=4.56 α=0.68 R²=0.91 PR=6.9]
step  4560 | loss 6.3139 | lm 6.3141 | ppl 552.3 | gnorm 0.726 | lr 4.16e-04 | 3564 tok/s | Φ 0.592 | λ₁ 0.075 | ign 0.61 | mesoLG 0.47 | troph 8/8 μ9.65 | NT[DA=0.14 NE=0.08 5HT=0.47 ACh=0.21 eCB=0.11 Glu=0.47 GABA=0.22] | osc[δ=0.401 θ=0.330 γ=0.269] | em[C2:ρ=0.83/τ=1.00/s=0.61 C4:Q=-0.8 W=118 pl=2 C3:pc=nan C5:lat=1.00 C6:pac=0.04] | gif7[dgn=0.990 lr×1.000] | trunk[budget=1.00 bpp=3.53e-08 erank=425.7 uni=4.83 α=0.66 R²=0.92 PR=8.4]
step  4580 | loss 6.2585 | lm 6.2586 | ppl 522.5 | gnorm 0.592 | lr 4.15e-04 | 3554 tok/s | Φ 0.572 | λ₁ 0.075 | ign 0.61 | mesoLG 0.50 | troph 8/8 μ9.81 | NT[DA=0.28 NE=0.08 5HT=0.48 ACh=0.30 eCB=0.12 Glu=0.54 GABA=0.11] | osc[δ=0.342 θ=0.305 γ=0.352] | em[C2:ρ=0.59/τ=1.00/s=0.61 C4:Q=0.6 W=72 pl=3 C3:pc=nan C5:lat=1.00 C6:pac=0.03] | gif7[dgn=0.993 lr×1.000] | trunk[budget=1.00 bpp=5.24e-08 erank=415.8 uni=4.18 α=0.68 R²=0.95 PR=9.5]
step  4600 | loss 6.5202 | lm 6.5203 | ppl 678.8 | gnorm 0.638 | lr 4.13e-04 | 3543 tok/s | Φ 0.629 | λ₁ 0.075 | ign 0.60 | mesoLG 0.50 | troph 8/8 μ9.88 | NT[DA=0.07 NE=0.10 5HT=0.47 ACh=0.41 eCB=0.08 Glu=0.35 GABA=0.06] | osc[δ=0.411 θ=0.241 γ=0.348] | em[C2:ρ=0.38/τ=1.00/s=0.60 C4:Q=-0.8 W=134 pl=1 C3:pc=nan C5:lat=1.00 C6:pac=0.02] | gif7[dgn=0.992 lr×1.000] | trunk[budget=1.00 bpp=3.00e-08 erank=416.8 uni=4.34 α=0.65 R²=0.90 PR=6.1]
step  4620 | loss 6.1795 | lm 6.1797 | ppl 482.8 | gnorm 0.647 | lr 4.12e-04 | 3567 tok/s | Φ 0.603 | λ₁ 0.075 | ign 0.59 | mesoLG 0.51 | troph 8/8 μ9.86 | NT[DA=0.29 NE=0.12 5HT=0.48 ACh=0.50 eCB=0.10 Glu=0.44 GABA=0.04] | osc[δ=0.346 θ=0.187 γ=0.467] | em[C2:ρ=0.20/τ=1.00/s=0.59 C4:Q=-3.5 W=126 pl=2 C3:pc=nan C5:lat=1.00 C6:pac=0.03] | gif7[dgn=0.992 lr×1.000] | trunk[budget=1.00 bpp=4.16e-08 erank=419.9 uni=4.54 α=0.68 R²=0.95 PR=8.1]
step  4640 | loss 6.2389 | lm 6.2391 | ppl 512.4 | gnorm 0.757 | lr 4.10e-04 | 3581 tok/s | Φ 0.456 | λ₁ 0.075 | ign 0.59 | mesoLG 0.51 | troph 8/8 μ9.93 | NT[DA=0.20 NE=0.19 5HT=0.49 ACh=0.48 eCB=0.14 Glu=0.57 GABA=0.05] | osc[δ=0.379 θ=0.201 γ=0.420] | em[C2:ρ=0.19/τ=1.00/s=0.59 C4:Q=-6.0 W=78 pl=3 C3:pc=nan C5:lat=1.00 C6:pac=0.02] | gif7[dgn=0.989 lr×1.000] | trunk[budget=1.00 bpp=3.49e-08 erank=397.9 uni=4.52 α=0.73 R²=0.92 PR=6.6]
step  4660 | loss 6.4077 | lm 6.4078 | ppl 606.6 | gnorm 0.550 | lr 4.09e-04 | 3571 tok/s | Φ 0.632 | λ₁ 0.075 | ign 0.59 | mesoLG 0.50 | troph 8/8 μ9.84 | NT[DA=0.15 NE=0.08 5HT=0.48 ACh=0.38 eCB=0.09 Glu=0.42 GABA=0.07] | osc[δ=0.356 θ=0.220 γ=0.424] | em[C2:ρ=0.41/τ=1.00/s=0.59 C4:Q=0.7 W=130 pl=1 C3:pc=nan C5:lat=1.00 C6:pac=0.02] | gif7[dgn=0.994 lr×1.000] | trunk[budget=1.00 bpp=3.05e-08 erank=420.5 uni=4.08 α=0.64 R²=0.93 PR=6.8]
step  4680 | loss 5.9827 | lm 5.9828 | ppl 396.6 | gnorm 0.602 | lr 4.07e-04 | 3536 tok/s | Φ 0.687 | λ₁ 0.075 | ign 0.60 | mesoLG 0.46 | troph 8/8 μ9.87 | NT[DA=0.11 NE=0.10 5HT=0.50 ACh=0.30 eCB=0.11 Glu=0.42 GABA=0.12] | osc[δ=0.463 θ=0.251 γ=0.286] | em[C2:ρ=0.55/τ=1.00/s=0.60 C4:Q=1.7 W=128 pl=1 C3:pc=nan C5:lat=1.00 C6:pac=0.02] | gif7[dgn=0.993 lr×1.000] | trunk[budget=1.00 bpp=3.25e-08 erank=421.0 uni=4.15 α=0.63 R²=0.95 PR=5.5]
step  4700 | loss 6.0624 | lm 6.0625 | ppl 429.4 | gnorm 0.749 | lr 4.06e-04 | 3547 tok/s | Φ 0.658 | λ₁ 0.075 | ign 0.62 | mesoLG 0.45 | troph 8/8 μ9.81 | NT[DA=0.13 NE=0.25 5HT=0.51 ACh=0.26 eCB=0.11 Glu=0.45 GABA=0.21] | osc[δ=0.404 θ=0.274 γ=0.323] | em[C2:ρ=0.69/τ=1.00/s=0.62 C4:Q=-1.7 W=127 pl=2 C3:pc=nan C5:lat=1.00 C6:pac=0.02] | gif7[dgn=0.989 lr×1.000] | trunk[budget=1.00 bpp=3.16e-08 erank=426.5 uni=4.93 α=0.64 R²=0.93 PR=8.1]
step  4720 | loss 6.3186 | lm 6.3187 | ppl 554.9 | gnorm 0.780 | lr 4.04e-04 | 3529 tok/s | Φ 0.476 | λ₁ 0.075 | ign 0.67 | mesoLG 0.52 | troph 8/8 μ9.92 | NT[DA=0.22 NE=0.14 5HT=0.51 ACh=0.25 eCB=0.12 Glu=0.53 GABA=0.20] | osc[δ=0.409 θ=0.274 γ=0.316] | em[C2:ρ=0.64/τ=1.00/s=0.67 C4:Q=3.1 W=82 pl=4 C3:pc=nan C5:lat=1.00 C6:pac=0.02] | gif7[dgn=0.988 lr×1.000] | trunk[budget=1.00 bpp=3.49e-08 erank=405.3 uni=4.66 α=0.74 R²=0.94 PR=9.0]
step  4740 | loss 6.0295 | lm 6.0297 | ppl 415.6 | gnorm 0.709 | lr 4.03e-04 | 3596 tok/s | Φ 0.618 | λ₁ 0.075 | ign 0.71 | mesoLG 0.50 | troph 8/8 μ9.96 | NT[DA=0.15 NE=0.23 5HT=0.52 ACh=0.24 eCB=0.12 Glu=0.49 GABA=0.24] | osc[δ=0.265 θ=0.347 γ=0.388] | em[C2:ρ=0.70/τ=1.00/s=0.71 C4:Q=1.7 W=128 pl=1 C3:pc=nan C5:lat=1.00 C6:pac=0.02] | gif7[dgn=0.990 lr×1.000] | trunk[budget=1.00 bpp=3.49e-08 erank=417.0 uni=4.15 α=0.70 R²=0.93 PR=8.9]
