{"best_loss": 4.158230815210083, "step": 7000, "lm_ema": 4.158230815210083}